"id","state","dlsubrecip_2006","dlsubdisburse_2006","dlsubrecip_2008","dlsubdisburse_2008","dlsubrecip_2009","dlsubdisburse_2009","dlsubrecip_2010","dlsubdisburse_2010","dlsubrecip_2011","dlsubdisburse_2011","dlsubrecip_2012","dlsubdisburse_2012","dlsubrecip_2013","dlsubdisburse_2013","dlsubrecip_2014","dlsubdisburse_2014","dlsubrecip_2015","dlsubdisburse_2015","dlsubrecip_2007","dlsubdisburse_2007","dlunsubrecip_2006","dlunsubdisburse_2006","dlunsubrecip_2008","dlunsubdisburse_2008","dlunsubrecip_2009","dlunsubdisburse_2009","dlunsubrecip_2010","dlunsubdisburse_2010","dlunsubgradrecip_2010","dlunsubrecip_2011","dlunsubdisburse_2011","dlunsubgradrecip_2011","dlunsubrecip_2012","dlunsubdisburse_2012","dlunsubgradrecip_2012","dlunsubrecip_2013","dlunsubdisburse_2013","dlunsubgradrecip_2013","dlunsubrecip_2014","dlunsubdisburse_2014","dlunsubgradrecip_2014","dlunsubrecip_2015","dlunsubdisburse_2015","dlunsubgradrecip_2015","dlunsubrecip_2007","dlunsubdisburse_2007","flparentrecip_2006","flparentdisburse_2006","flparentrecip_2008","flparentdisburse_2008","flparentrecip_2009","flparentdisburse_2009","flparentrecip_2007","flparentdisburse_2007","flgradrecip_2006","flgraddisburse_2006","flgradrecip_2008","flgraddisburse_2008","flgradrecip_2009","flgraddisburse_2009","flgradrecip_2007","flgraddisburse_2007","fedloanperc_2014","fedloanperc_2013","fedloanperc_2012","fedloanperc_2011","fedloanperc_2010","fedloanperc_2008","fedloanperc_2007","fedloanperc_2006","flsubrecip_2006","flsubdisburse_2006","flsubrecip_2008","flsubdisburse_2008","flsubrecip_2009","flsubdisburse_2009","flsubrecip_2007","flsubdisburse_2007","flunsubrecip_2006","flunsubdisburse_2006","flunsubrecip_2008","flunsubdisburse_2008","flunsubrecip_2009","flunsubdisburse_2009","flunsubrecip_2007","flunsubdisburse_2007","dlgradrecip_2006","dlgraddisburse_2006","dlgradrecip_2008","dlgraddisburse_2008","dlgradrecip_2009","dlgraddisburse_2009","dlgradrecip_2010","dlgraddisburse_2010","dlgradrecip_2011","dlgraddisburse_2011","dlgradrecip_2012","dlgraddisburse_2012","dlgradrecip_2013","dlgraddisburse_2013","dlgradrecip_2014","dlgraddisburse_2014","dlgradrecip_2015","dlgraddisburse_2015","dlgradrecip_2007","dlgraddisburse_2007","dlparentrecip_2006","dlparentdisburse_2006","dlparentrecip_2008","dlparentdisburse_2008","dlparentrecip_2009","dlparentdisburse_2009","dlparentrecip_2010","dlparentdisburse_2010","dlparentrecip_2011","dlparentdisburse_2011","dlparentrecip_2012","dlparentdisburse_2012","dlparentrecip_2013","dlparentdisburse_2013","dlparentrecip_2014","dlparentdisburse_2014","dlparentrecip_2015","dlparentdisburse_2015","dlparentrecip_2007","dlparentdisburse_2007","perkrecip_2006","perkrecip_2007","perkrecip_2008","perkrecip_2009","perkrecip_2010","perkrecip_2011","perkrecip_2012","perkrecip_2013","perkrecip_2014","cdr3_2014","cdr3_2013","cdr3_2012","cdr3_2011","cdr3_2010","cdr3_2009","cdr3_2008","cdr3_2007","cdr3_2006","perkdisburse_2006","perkdisburse_2007","perkdisburse_2008","perkdisburse_2009","perkdisburse_2010","perkdisburse_2011","perkdisburse_2012","perkdisburse_2013","perkdisburse_2014","avefedloan_2014","avefedloan_2013","avefedloan_2012","avefedloan_2011","avefedloan_2010","avefedloan_2008","avefedloan_2007","avefedloan_2006","aveotherloan_2014","aveotherloan_2013","aveotherloan_2012","aveotherloan_2011","aveotherloan_2010","aveotherloan_2008","aveotherloan_2007","aveotherloan_2006","otherloanperc_2014","otherloanperc_2013","otherloanperc_2012","otherloanperc_2011","otherloanperc_2010","otherloanperc_2008","otherloanperc_2007","otherloanperc_2006"
"1","AK",NA,NA,0,0,2618,9109570,12702,47237833,12992,48132471,10890,38987689,7191,26364753,6525,23633037,5979,21597303,NA,NA,NA,NA,1,4000,2610,12737754,11813,61438311,732,12184,62713874,735,11541,62769883,841,7975,44998381,780,7233,40332451,718,6501,36260854,653,NA,NA,144,857531,162,1235935,292,2547936,170,1205844,2,11664,11,72931,26,198972,8,52880,0.418692598595354,0.443429374560787,0.346443965517241,0.455475180843103,0.398970083374203,0.418692598595354,0.418692598595354,0.418692598595354,6629,22732342,8072,31877850,7411,29450373,7126,28452715,5718,23590374,8169,41825756,7951,42533521,6256,28572807,NA,NA,0,0,7,36051,107,455525,99,450420,101,578803,103,713829,102,812122,132,1044564,NA,NA,NA,NA,0,0,93,640856,746,6675212,846,7911777,588,5746917,470,4871694,306,3236831,275,3382782,NA,NA,0,0,0,0,0,0,0,0,NA,0.139625,0.139625,0.139625,0.139625,0.139625,0.139625,0.139625,0.139625,NA,0,0,0,0,0,0,0,0,NA,2653.58887088061,3168.31904427266,1755.74057112069,3133.63332501871,2438.99632172634,2653.58887088061,2653.58887088061,2653.58887088061,1285.20124257158,156.294448348559,107.967403017241,128.860064854078,291.198381559588,1285.20124257158,1285.20124257158,1285.20124257158,0.22312263641275,0.0267041461700632,0.0148168103448276,0.017959590920429,0.0478175576262874,0.22312263641275,0.22312263641275,0.22312263641275
"2","AL",27174,104903880,47629,186523326,72266,292811430,170349,628211411,174081,640902765,127008,458964769,120453,438420992,116088,423057949,110107,402543664,32969,134504138,21226,103295724,47742,247961051,72983,367734579,146460,766467228,22701,149381,790072694,23450,151446,952028037,25641,145637,935875542,25855,141438,929767413,25867,137181,896181661,25691,26997,136085761,5696,56361078,4771,46712645,3667,34991433,5870,57614934,445,3234549,1073,16693283,1199,20033603,908,12660058,0.388465652354238,0.424958138715079,0.434872217642209,0.428941243011595,0.410065063296402,0.388465652354238,0.388465652354238,0.388465652354238,69458,276097957,77291,344710317,72098,317601797,73757,319994212,57449,282227663,74080,422968728,70360,403550873,59410,313910396,181,1740648,563,6065859,980,11551726,2604,40123237,2703,44865848,2924,48701407,3637,57363558,4393,70591646,5161,85359172,330,3316275,2455,22258201,3372,33195875,6456,72268013,12597,130498177,12407,147878433,9254,133217417,10529,154704628,11725,175488704,16725,234419118,2482,24847374,6684,6426,0,0,3510,3803,3702,3917,NA,0.13336231884058,0.13336231884058,0.13336231884058,0.13336231884058,0.13336231884058,0.13336231884058,0.13336231884058,0.13336231884058,NA,16238850,14760595,0,0,8774791,9935422,9674495,10671429,NA,2300.8340791513,2641.92746981581,2658.79702347377,2846.28997802867,2695.95069324631,2300.8340791513,2300.8340791513,2300.8340791513,333.744144419463,420.3548515026,378.144509046731,262.236898779612,318.691687280437,333.744144419463,333.744144419463,333.744144419463,0.0589378096963611,0.0321230281131577,0.032108300429557,0.0242989840979791,0.0582659488224167,0.0589378096963611,0.0589378096963611,0.0589378096963611
"3","AR",1111,2967795,2025,6179981,12354,34749816,77666,300976620,82683,315324522,66784,235717720,63615,226800716,59395,212525533,54369,194696474,1409,4352044,608,1984771,1747,6475759,11334,37124104,68620,333822540,8364,73202,356170412,8841,71588,407292210,10588,69108,396710557,10687,64308,385996773,10676,61918,376158027,11273,809,2599704,4561,36944401,3641,30089563,3160,27575218,4240,34568663,419,2846890,844,6695076,539,4512852,633,5002968,0.447639947639948,0.459103561487403,0.441819866039618,0.479970714360423,0.439959741792184,0.447639947639948,0.447639947639948,0.447639947639948,55186,201553372,60877,249578976,62409,253571413,56079,225299601,43052,189095166,53528,271562479,57636,286564522,42338,192749035,0,0,0,0,456,2516287,1160,10407168,1245,12050353,1478,14342269,1588,17605164,1700,20478033,1838,21951069,0,0,70,372725,112,546043,513,2181554,4282,34554637,4232,36721853,3354,32041509,3906,39431231,4403,46088036,6043,61787297,102,525993,4490,3760,0,0,2100,2220,2288,2870,NA,0.149702702702703,0.149702702702703,0.149702702702703,0.149702702702703,0.149702702702703,0.149702702702703,0.149702702702703,0.149702702702703,NA,9637674,8550736,0,0,4962975,5499417,5708270,7858839,NA,2340.27492877493,2691.91196202983,2453.19178423828,2681.48363141931,2400.61477059763,2340.27492877493,2340.27492877493,2340.27492877493,123.572803572804,168.580044250946,148.011899672225,120.393508349894,81.9667869785521,123.572803572804,123.572803572804,123.572803572804,0.0232540232540233,0.0196631218328456,0.0195596408721676,0.0163511487640763,0.0120080516415631,0.0232540232540233,0.0232540232540233,0.0232540232540233
"4","AZ",30401,129791258,45396,195435513,270173,1041156924,637864,2506705691,588819,2307824343,417620,1528978677,368044,1335569495,320780,1160299592,260117,954633133,32204,146526042,24464,122734026,42738,228183318,269660,1340903521,552537,3084063542,82230,509539,2842705281,78154,463893,3098044569,84295,416547,2821661364,80953,364284,2415995337,69572,307689,2066938362,64441,25271,135177235,18597,211209992,13324,131770755,9760,97799126,17316,188541376,1221,13901890,2568,37814914,1829,33881540,2171,26500461,0.477631894689932,0.553096113152912,0.495351670192986,0.523446188063759,0.541331317533016,0.477631894689932,0.477631894689932,0.477631894689932,327489,1325513039,507287,2118626739,440049,1714231212,398673,1731095514,302757,1605466968,487708,3125075032,407005,2261398415,369508,2192695809,13,79527,2111,24761780,4037,47868135,6469,92739199,6209,101662302,6151,108974907,6928,121642981,6355,102790282,7330,114032181,15,98373,1790,15870700,6139,73199474,13619,138969872,26437,293460508,23115,283428607,18211,239231255,18094,242966376,19364,274341285,23570,334819626,1752,16377728,4099,2905,0,0,2120,1981,2387,2708,NA,0.144,0.144,0.144,0.144,0.144,0.144,0.144,0.144,NA,11041729,7319496,0,0,5474713,5766636,7031150,8097645,NA,3327.51945425251,3854.29898930839,3136.42548246458,3328.4434542197,3475.19427275557,3327.51945425251,3327.51945425251,3327.51945425251,266.810119639368,284.43806381557,318.318891453485,231.666826269616,168.941541790801,266.810119639368,266.810119639368,266.810119639368,0.0399540639676391,0.037016928388462,0.0429569789061999,0.0350920548622266,0.0250048171698756,0.0399540639676391,0.0399540639676391,0.0399540639676391
"5","CA",131049,542153366,173742,773503081,340403,1564503924,835080,3777430683,832745,3771712293,598719,2361210072,558876,2213562688,520107,2032422805,476570,1883039897,139781,611901521,70952,352221190,125974,696790154,283628,1705528661,680648,4284003111,138910,680476,4194174102,136259,644351,5032152267,143663,608569,4863984110,139312,572578,4553690319,138905,534436,4368166240,137220,77674,405917451,40820,572128805,36471,513128473,29997,434896490,38452,539500517,17787,337462155,25351,538306789,24623,554157787,22387,438895334,0.366363762794015,0.338457100853238,0.376927005565911,0.419110355354251,0.412105458813749,0.366363762794015,0.366363762794015,0.366363762794015,323808,1491261736,384029,1847131918,343982,1613072787,349106,1702869100,228744,1480542286,327597,2206048622,308080,1950813006,250309,1719799401,2130,31149410,5267,85387228,16823,275039541,48648,1095500753,48455,1133705280,47098,1139810031,47313,1218684426,48185,1201118238,50147,1291059344,3164,43271638,19972,224180682,21226,252912372,36033,431442429,71849,982695530,68806,996147913,58532,904874946,57767,915241802,57681,920598433,62113,973644440,19755,226805112,61492,51006,0,0,38792,42199,41915,46140,NA,0.122010204081633,0.122010204081633,0.122010204081633,0.122010204081633,0.122010204081633,0.122010204081633,0.122010204081633,0.122010204081633,NA,148643955,115238566,0,0,80508459,89960647,93871226,107416364,NA,2176.46324763057,2162.1616002779,2346.89108575927,2518.4734129365,2609.99969557798,2176.46324763057,2176.46324763057,2176.46324763057,278.81645268101,298.237907815606,337.367587595598,279.041311369409,219.542623473865,278.81645268101,278.81645268101,278.81645268101,0.0459267763669881,0.0446995989690434,0.0608704421174534,0.0586143329219501,0.0417965582748638,0.0459267763669881,0.0459267763669881,0.0459267763669881
"6","CO",19032,81655253,40449,181233456,108676,428283112,213812,817948934,210198,810551347,150577,544632350,140380,505930261,129720,466237085,118724,430375385,20335,90920378,16265,78562336,37501,223759466,105018,547484600,184999,1020271510,26719,180504,1001117980,27207,172338,1162114079,30510,157016,1093444415,30020,149195,1040526594,28816,141107,1002523646,28014,16288,87316643,9350,94503156,7485,73711936,5472,57322521,8524,88465699,1865,26763883,2105,39746187,2213,44872447,2477,38775542,0.506854929606328,0.511894434044108,0.522685206085504,0.551694988728975,0.566248457424928,0.506854929606328,0.506854929606328,0.506854929606328,103494,407370411,110356,464610547,78647,340297189,112746,473772221,90061,422903165,107412,605623541,78993,463427396,95687,487833802,504,4770746,1657,17221464,2856,33135145,6148,93220505,6634,101838334,6305,103648963,6827,117909155,7140,131466575,7647,140484681,611,5740693,6395,79591867,6832,93179322,10406,124275888,17020,203897878,16595,214025634,14584,200196553,14030,200105853,13889,204613810,14597,218220638,5774,74098803,9695,8641,0,0,5174,5875,5573,5892,NA,0.116184210526316,0.116184210526316,0.116184210526316,0.116184210526316,0.116184210526316,0.116184210526316,0.116184210526316,0.116184210526316,NA,25435266,21044067,0,0,12231201,15151338,15009652,16454447,NA,3163.78799926225,3240.69636089676,3363.41004920771,3348.73049245708,3682.75689016865,3163.78799926225,3163.78799926225,3163.78799926225,379.789064901531,497.830738322451,477.463523091508,381.637853303277,307.09757301522,379.789064901531,379.789064901531,379.789064901531,0.0417853556571101,0.0492214967353089,0.0455284185815539,0.034289925437836,0.0338955162484574,0.0417853556571101,0.0417853556571101,0.0417853556571101
"7","CT",10677,29729016,14804,48920681,39049,154328333,98037,372873255,101719,382676522,75846,286933630,75758,288088648,74640,282636955,70683,270319872,11607,36970297,8311,28967534,13757,57293433,38163,168087000,84988,405050026,11188,88149,425483046,11590,90021,524662066,13520,89848,533199509,13572,90001,538684944,13563,86664,525526743,13526,8738,31791426,9572,133007011,8891,124934381,5761,78503501,9340,130694751,1234,20298032,2031,33924595,1686,31685544,1706,27548562,0.469282353577416,0.521112882190987,0.510593282595281,0.525897215044502,0.520991144777553,0.469282353577416,0.469282353577416,0.469282353577416,48783,205677001,51476,244371270,39154,183781470,50210,232916108,35172,183871951,51135,280191041,42129,227568387,35525,200251318,2,6562,29,568694,927,10842203,2992,52664534,3038,53820570,2892,53513436,2947,54510545,3031,57912717,3147,62667100,16,320990,1215,8855763,1484,10924303,6410,76693873,13768,183264554,13966,193973885,11541,178995288,11711,188588547,12657,203504917,14280,225315281,1316,9686620,8248,6557,0,0,5635,4959,5528,6119,NA,0.0878815789473684,0.0878815789473684,0.0878815789473684,0.0878815789473684,0.0878815789473684,0.0878815789473684,0.0878815789473684,0.0878815789473684,NA,19258751,14316178,0,0,11843554,12035453,13045909,13797789,NA,2839.25055432373,3322.89928995798,3211.19238341512,3188.90186620729,3199.93510615598,2839.25055432373,2839.25055432373,2839.25055432373,787.368773998161,1096.3798869729,917.00884487673,823.258914728682,676.859756748106,787.368773998161,787.368773998161,787.368773998161,0.0655994808285112,0.0814954354441385,0.0636772354617848,0.0570485213896067,0.0489971193854689,0.0655994808285112,0.0655994808285112,0.0655994808285112
"8","DC",8521,42805712,14349,85901004,45702,241591895,126732,517617196,114749,431843408,51664,195005447,46215,173025871,45273,173833114,43765,173845175,9523,50159940,5413,46309720,13335,118172589,47138,344994507,91414,722284771,34678,81131,610091898,33350,84965,943485681,35338,78549,886751638,33921,76747,866586449,32161,74740,857016476,31265,6297,60182568,3613,69833716,2814,56255925,2037,39904390,3179,62927446,3533,75297090,6898,171301210,5971,153627961,5826,132438620,0.491567003986507,0.566501985856825,0.53617677286742,0.540705492914037,0.535564853556485,0.491567003986507,0.491567003986507,0.491567003986507,48618,279634442,56716,303825151,59134,350232359,55982,332688062,43843,327718194,55483,442635112,58151,519286691,50387,416794989,237,2270212,1186,12957413,3631,81643054,11225,279409383,11372,299179660,10810,296037089,10711,305581422,10607,312032670,10985,325017652,496,5689139,1688,26970581,1725,29218866,3431,56825050,5740,101751711,5228,110948431,4570,103830333,4573,106586493,4593,106776571,4812,112937587,1564,26298514,5442,4995,0,0,3542,4509,4720,4784,NA,0.09595,0.09595,0.09595,0.09595,0.09595,0.09595,0.09595,0.09595,NA,14457314,13840095,0,0,9717314,13403818,12538154,16032967,NA,3619.99264029439,3491.49607672188,3334.52065775951,2930.97093203683,3059.60230635779,3619.99264029439,3619.99264029439,3619.99264029439,949.966472452213,806.785430591882,846.051387461459,744.126305989449,624.99642820696,949.966472452213,949.966472452213,949.966472452213,0.0547889195543289,0.1065581710743,0.110277492291881,0.0676528395572566,0.0358199816307787,0.0547889195543289,0.0547889195543289,0.0547889195543289
"9","DE",4720,16506138,5786,22779127,13235,55725935,26194,83364111,26975,88397336,18781,68152373,19071,70292093,18815,71140735,17959,67107533,5286,20644923,4535,16835452,6984,29055589,15665,77579382,23006,100829807,3131,23651,103732045,3123,24283,130274162,3736,24375,130788579,3825,24370,131310736,3656,23651,123532950,3536,4695,18983354,1187,15872292,878,11984988,914,13356943,1050,14541049,20,172650,13,98767,9,71531,11,72165,0.485870734330693,0.515693361232642,0.50444483179362,0.534976411257524,0.524271844660194,0.485870734330693,0.485870734330693,0.485870734330693,8427,31093806,9433,40395787,5595,21258762,8599,35074143,7325,34614340,10189,54984506,5661,23967740,7544,37953882,2,35371,31,261496,74,910485,109,1313700,96,1259269,87,1170621,103,1461111,104,1687971,107,1851734,30,217817,1462,18116548,1439,19495784,1924,28267010,3313,51445821,3485,57388236,2746,48782062,2857,51913673,2967,54029856,3539,60773089,1311,16588044,1395,1494,0,0,871,2021,1051,1837,NA,0.112529411764706,0.112529411764706,0.112529411764706,0.112529411764706,0.112529411764706,0.112529411764706,0.112529411764706,0.112529411764706,NA,3086306,3465900,0,0,1559579,1663338,1661981,2565424,NA,2299.17150679574,2997.49381776679,2885.69400383476,3140.08776639011,2878.68863304408,2299.17150679574,2299.17150679574,2299.17150679574,1313.11958541117,915.17814342781,703.836848527105,549.880022775338,473.358707792766,1313.11958541117,1313.11958541117,1313.11958541117,0.117629803461426,0.0797032528057828,0.0481087676485968,0.037416625996421,0.0341094595755649,0.117629803461426,0.117629803461426,0.117629803461426
"10","FL",29216,120102367,75666,294861380,210559,821825698,523680,2196481672,546819,2309423164,444871,1640110512,412915,1531629867,371359,1377609349,341599,1279962486,35906,152170639,24160,128023198,68434,359253629,195163,1011455803,451606,2562891910,65856,473887,2665749153,66553,460406,3177888911,72067,433608,3082205236,70943,397508,2849620980,69697,373306,2688957088,68012,29621,163270646,18670,243250406,16829,232591926,14411,217746157,18450,239019865,5033,74817124,11055,193766989,11297,235650368,8405,134572512,0.376602747895497,0.407978872783046,0.480400671947243,0.469749045143694,0.452939900643442,0.376602747895497,0.376602747895497,0.376602747895497,264867,1098691809,308506,1401082163,276925,1201811853,284025,1287402758,212425,1134728517,285586,1754169438,256216,1489877730,228271,1310585796,753,7135307,1758,16765701,6871,73858258,18490,361893887,19286,398184188,19272,432871453,19261,436349680,20003,450825570,20425,465731348,957,9167511,1869,14820966,4543,33449005,11923,104582906,30035,398283945,27018,387172976,20501,318619575,20930,332451475,22095,336951803,27851,403273055,2396,18401381,15668,14183,0,0,7634,8100,8325,9398,NA,0.137974193548387,0.137974193548387,0.137974193548387,0.137974193548387,0.137974193548387,0.137974193548387,0.137974193548387,0.137974193548387,NA,36477625,32220667,0,0,15940220,17348680,20289397,23241368,NA,2458.48385783425,2629.11652373031,3016.564066425,2928.99107794345,2990.04148807618,2458.48385783425,2458.48385783425,2458.48385783425,584.797055990091,293.712346892485,291.304154943129,304.65794254256,278.206645115314,584.797055990091,584.797055990091,584.797055990091,0.0559671537032365,0.0467261454710419,0.0387721880412114,0.0459387784884335,0.0502669820187352,0.0559671537032365,0.0559671537032365,0.0559671537032365
"11","GA",57232,241578204,70036,317474914,125726,523631597,280586,1060378130,296825,1119393150,239342,844906877,225931,809516540,213123,765093177,197037,707382878,57041,259051903,45758,230180210,69562,375496438,127684,656819972,243837,1278503308,33329,259060,1331821593,34071,263088,1616583875,38188,255543,1632943353,39445,245576,1618133536,40571,229863,1512830197,39937,45504,249525499,8886,105823035,8956,123290030,6065,82178859,10145,129397771,1108,15596997,2797,43446412,2881,49427953,2208,32377205,0.461900542695758,0.510795952513744,0.530587967975193,0.553894658240801,0.495251000129049,0.461900542695758,0.461900542695758,0.461900542695758,89146,319957134,123590,509347878,116202,450652257,106696,426789447,72818,351800520,117163,692643900,109632,591390245,85933,446496056,971,11702419,2255,30978755,4284,55323339,8661,137169281,9313,156976660,9186,155458283,10022,173391273,10581,190823427,11261,202158205,1629,21309492,9003,97924044,9039,98014600,15855,184786750,25604,325472065,26478,353668314,19943,292546666,20831,309140497,23440,336057509,30435,413189649,7603,83419999,7947,7352,0,0,2909,3769,3913,4488,NA,0.132543046357616,0.132543046357616,0.132543046357616,0.132543046357616,0.132543046357616,0.132543046357616,0.132543046357616,0.132543046357616,NA,20497733,19421869,0,0,6754516,10512604,12523529,14535183,NA,2652.84666075977,3021.8647518126,3143.67373725223,3219.17497960369,2800.40090334237,2652.84666075977,2652.84666075977,2652.84666075977,406.778103887474,337.193291371205,330.727775772886,243.622951726427,193.97577751968,406.778103887474,406.778103887474,406.778103887474,0.0724471148521431,0.0393328552837755,0.0414878971356777,0.0320809768104319,0.0427926184023745,0.0724471148521431,0.0724471148521431,0.0724471148521431
"12","HI",53,106754,60,181142,452,1664272,18480,77335274,19070,81905287,15334,56452740,14917,55237370,13825,52380025,12804,48653038,65,165571,29,86270,44,217963,384,2233298,15221,84974064,2691,15876,87489338,2667,16196,108947670,2997,15654,104712369,2832,14959,101692945,2687,14065,97813185,2632,35,117710,1598,18155877,1422,16570449,1677,19903717,1571,18077716,105,882392,443,4806236,598,6557023,319,2937355,0.305747409965466,0.316400939315289,0.314299839327648,0.344214013989447,0.321702227985383,0.305747409965466,0.305747409965466,0.305747409965466,10655,45021176,12180,55769407,14844,67362387,11074,49704938,8236,41052626,11096,63167219,13601,78199671,8425,45527652,0,0,0,0,57,500835,1002,10913965,970,11529979,961,11997012,951,12221027,965,14443302,1013,16484013,0,0,7,51823,4,11220,29,154208,2136,25293984,2448,32057386,2392,31751948,2431,33759133,2543,39120399,2661,43791572,3,14365,1624,1780,0,0,1334,1075,1145,1221,NA,0.130625,0.130625,0.130625,0.130625,0.130625,0.130625,0.130625,0.130625,NA,3914652,5157190,0,0,3262951,2702787,2833922,3030004,NA,1678.86988159842,1757.16920034606,1853.83524904215,2536.05546692846,1828.7312271602,1678.86988159842,1678.86988159842,1678.86988159842,227.587074494327,200.417253738722,187.760351007292,146.444226285434,90.0990215725569,227.587074494327,227.587074494327,227.587074494327,0.0384805130735076,0.0231120998640465,0.0274378939562477,0.0158301632102098,0.00990215725568785,0.0384805130735076,0.0384805130735076,0.0384805130735076
"13","IA",55107,199878256,64743,262605311,152876,585533482,212603,837027148,194214,734088745,143181,532343357,137857,500985213,127380,467594690,111920,417658024,55225,222586586,40885,178041109,67963,329566386,155935,744348806,190913,1031167205,19355,172551,887920669,19427,168012,1117060088,23429,165156,1122666901,24783,157594,1071434083,24051,140599,972554112,21803,39415,187105523,3188,27027843,3731,31240035,3376,28687711,3179,26817243,1057,10546694,2017,22840288,1948,20346190,1560,15607509,0.609311912358472,0.594079972303964,0.629082887927378,0.635787009310176,0.636306532663317,0.609311912358472,0.609311912358472,0.609311912358472,83813,317804274,146718,624507294,139705,553597823,117896,476949508,70098,338725873,147937,898472120,138831,784219322,102283,513820061,936,9016935,1096,12267095,1689,22034230,3876,52357151,4152,56721744,3988,58540355,3657,50721011,3990,60365141,4003,60685099,884,9203853,8170,72980092,9060,80199705,11828,107630398,16426,154538126,15875,163021371,13672,153844627,13524,155461483,13217,154972857,13810,160680008,7437,69422695,16565,15191,0,0,9471,11472,11628,11958,NA,0.103076923076923,0.103076923076923,0.103076923076923,0.103076923076923,0.103076923076923,0.103076923076923,0.103076923076923,0.103076923076923,NA,34094404,26847362,0,0,13679589,16402424,19763382,21462417,NA,3466.88011406951,3298.54428480757,3475.8777749498,3493.49542658028,3537.66452051926,3466.88011406951,3466.88011406951,3466.88011406951,536.815427619505,624.009578212452,552.590961794067,447.326264496107,391.19320561139,536.815427619505,536.815427619505,536.815427619505,0.0763757517576305,0.07394264612544,0.0686349367947739,0.0623672891599064,0.060144472361809,0.0763757517576305,0.0763757517576305,0.0763757517576305
"14","ID",18484,72027699,20681,87852814,28690,116451711,43761,192237786,45701,201291892,45552,165379060,41344,150123968,37938,137644902,35374,128303614,18632,79046648,13484,57071822,18824,94170447,26225,126625829,40142,184409263,2937,42080,189618035,2938,41809,209722889,3585,35623,186775868,3462,33651,179441562,3601,31414,166303271,3540,13874,62961464,888,7229522,694,6022341,613,5338429,771,6455284,0,0,4,14970,10,41898,2,9020,0.456437246963563,0.521693121693122,0.524875065264414,0.554692082111437,0.546939905843257,0.456437246963563,0.456437246963563,0.456437246963563,14116,45505548,16115,61121403,16078,61329013,14809,55044330,8479,29319170,11387,51361774,12621,57450353,8536,32968128,296,2384831,396,4314768,519,6585291,685,8988823,758,9810755,705,9398092,701,9981406,751,11697201,693,11482677,320,2873108,710,5167541,1056,8122234,1239,10291887,2044,17774515,2094,20358227,1652,17811997,1704,18626434,1740,19854453,1977,22127984,1023,7933675,4423,4417,0,0,2740,2905,3164,3545,NA,0.154282051282051,0.154282051282051,0.154282051282051,0.154282051282051,0.154282051282051,0.154282051282051,0.154282051282051,0.154282051282051,NA,7446667,6022573,0,0,3701493,3899114,3744572,4412811,NA,2383.21117408907,3012.16955636956,3064.23793540688,3091.5823313783,3268.41768208253,2383.21117408907,2383.21117408907,2383.21117408907,143.69983805668,417.319495319495,195.986947117178,107.344134897361,103.867903627804,143.69983805668,143.69983805668,143.69983805668,0.0218623481781377,0.056980056980057,0.0303572760498247,0.01341642228739,0.0143312101910828,0.0218623481781377,0.0218623481781377,0.0218623481781377
"15","IL",81768,362256294,113316,531597995,198783,865128292,518977,2173185714,504777,2094504815,312697,1226514612,293092,1146969653,268724,1058023380,243028,971650717,82986,393040175,53236,292496171,105244,578942360,194031,1040573396,427929,2695576776,84867,414590,2589692897,84885,392098,2966216158,87220,367773,2787260670,82894,340301,2638319393,78050,313352,2426807553,76287,52270,324399023,20800,242266081,16265,194312984,14402,174655563,19761,229110087,6417,105755571,12611,263339436,11356,239011528,9980,180411904,0.489586863026196,0.495222628500832,0.502869761469318,0.506636208541769,0.500988188570733,0.489586863026196,0.489586863026196,0.489586863026196,233057,1110630777,264887,1364693841,237309,1191958062,255035,1261428386,191498,1203492146,257939,1867496150,233995,1616536209,206761,1371468425,1727,23312675,3819,53630727,9806,163453794,21885,485120924,22137,511760169,21750,505886879,21902,547300655,21644,550263711,22247,555766726,2557,36375543,15750,179166582,19036,234122728,28690,350492019,47853,593185358,45558,601144621,36123,519457520,35450,531074077,34547,525032400,38083,562413523,14940,183193905,46664,44149,0,0,32103,29980,32149,31026,NA,0.100846153846154,0.100846153846154,0.100846153846154,0.100846153846154,0.100846153846154,0.100846153846154,0.100846153846154,0.100846153846154,NA,102348004,86520960,0,0,50078087,54473705,56030469,65887221,NA,3062.094582736,3100.8805607309,3138.47161368147,3234.44340668344,3083.7186613089,3062.094582736,3062.094582736,3062.094582736,509.103462357183,523.992059301179,471.845217712751,422.49851082902,372.998192223752,509.103462357183,509.103462357183,509.103462357183,0.0602111299361397,0.0559236417618986,0.0539223316082338,0.0539185919864288,0.0522943771601989,0.0602111299361397,0.0602111299361397,0.0602111299361397
"16","IN",19752,77074795,77830,345467675,126243,521093538,328744,1219569804,311812,1185469949,249230,910236268,231707,837060553,208960,750901246,179492,621780172,20750,87523110,13924,57975916,80776,441041252,130129,652814344,304956,1421599403,21142,288114,1378028568,21006,267430,1453917978,23134,245883,1362238639,23227,228926,1282505621,23759,206120,1146128305,23872,14359,63707503,17983,201616438,9000,98098156,7554,82181260,16971,195406307,1994,26138039,598,10700255,646,10599884,2384,33590709,0.559714825631335,0.52892288803891,0.544784942800537,0.580004009066658,0.610509811855149,0.559714825631335,0.559714825631335,0.559714825631335,146158,531708184,120716,472830051,124144,455212058,156116,634150463,118192,532742404,114456,571258690,119736,556834664,124052,602281990,136,1992374,2617,41593879,3509,57908256,4394,77055796,4451,81663817,4418,82493342,4445,84131493,4740,92126987,4864,96266011,245,4001698,4921,44761011,11292,126849313,16355,186683344,32386,351837514,29897,351984124,22653,291795488,22525,287166114,22745,290486784,25051,305086875,4382,39946489,22773,17500,0,0,16251,16546,17120,17292,NA,0.108047619047619,0.108047619047619,0.108047619047619,0.108047619047619,0.108047619047619,0.108047619047619,0.108047619047619,0.108047619047619,NA,45831123,36183616,0,0,26269267,26660042,29512639,34059545,NA,3301.97519326576,3227.12046087737,3364.70101297373,3509.98703221131,3802.80229617641,3301.97519326576,3301.97519326576,3301.97519326576,641.984882322625,596.505753096913,566.421965872052,471.111282438746,467.551250927237,641.984882322625,641.984882322625,641.984882322625,0.0747294279333448,0.0574365270497867,0.0588771010417332,0.0545541455291197,0.0639287881853126,0.0747294279333448,0.0747294279333448,0.0747294279333448
"17","KS",12703,49124120,27776,117528230,47612,204142366,97373,370635379,100613,382529854,82655,291976575,82738,292282594,77003,274857421,68942,248938679,12126,46719210,9593,41010633,24903,129912155,47182,252692441,84632,434328630,10739,87887,444547501,10763,90443,522993289,12579,91338,544629986,13121,86685,528003456,13070,79839,489138899,12946,8915,37521054,6060,45649449,2573,17849495,2015,14397325,5735,44098034,415,4556241,323,2703178,129,1196229,541,6707736,0.457263901147396,0.533511726743271,0.535128692458847,0.536538146021329,0.542502970551399,0.457263901147396,0.457263901147396,0.457263901147396,58989,219712609,46883,191541403,38690,146055715,58962,247305936,44299,214816262,42257,233545622,34573,173351958,44508,236642624,141,1082259,739,9440582,1153,13985579,1496,18912333,1565,18900643,1562,20203820,1574,21908779,1664,24941758,1653,25653170,247,1928247,2723,26561544,5668,56285468,6959,67214782,9526,88304955,9563,92940670,8187,85490402,8392,94043622,8813,105777000,10181,122247538,3043,31159131,9880,9350,0,0,6714,6621,6997,7253,NA,0.113741573033708,0.113741573033708,0.113741573033708,0.113741573033708,0.113741573033708,0.113741573033708,0.113741573033708,0.113741573033708,NA,21645493,19884317,0,0,12488168,12827456,13535406,14806864,NA,2326.81514563107,3076.20487958445,3094.51531746287,3010.89775225595,3073.01923632744,2326.81514563107,2326.81514563107,2326.81514563107,332.289285083848,250.550700456477,192.768160293786,164.315570139459,120.082629499984,332.289285083848,332.289285083848,332.289285083848,0.0471668137687555,0.0303478671493782,0.0265116129240086,0.0214273995077933,0.0184977038440541,0.0471668137687555,0.0471668137687555,0.0471668137687555
"18","KY",12887,54293662,16261,71327991,38660,167085456,144927,557099737,151263,569984831,116179,413434471,107637,382402580,97183,344705508,86932,311820208,13507,59615409,9928,46382174,16616,85926085,38372,215689451,125992,622389118,15860,131875,658586116,17207,129405,793384674,19946,121776,756563201,19768,114334,724718701,19934,106908,689876777,19966,10602,53176167,6533,51882142,5218,40355041,5075,40150988,5983,47720128,632,5843711,1323,14526377,880,9336132,960,11078841,0.497521104113627,0.540710390077794,0.555827486811334,0.604560332260638,0.555406900455399,0.497521104113627,0.497521104113627,0.497521104113627,79838,284257320,87643,360425714,87943,335342708,82759,334694887,62968,283662057,79751,420734767,81027,379280425,63933,312691805,285,2445688,637,7701231,1990,24312661,3265,42953522,3323,45837000,3583,51943489,3983,59639776,4246,66684312,4316,70039045,372,3804956,1731,16821464,2104,21590183,3575,34053913,11245,96880324,11246,103713401,8701,87545776,9223,96975529,9907,108713912,12021,130747294,1787,17405434,7605,8752,0,0,6266,6000,5423,7344,NA,0.165760416666667,0.165760416666667,0.165760416666667,0.165760416666667,0.165760416666667,0.165760416666667,0.165760416666667,0.165760416666667,NA,15419131,17651506,0,0,9844034,9913315,9906367,12900002,NA,2952.39694492831,3150.36801306719,3236.15396747702,3365.63737382072,3199.8087580724,2952.39694492831,2952.39694492831,2952.39694492831,227.772852740185,372.076797430857,322.452847120248,259.46948318068,197.286875755783,227.772852740185,227.772852740185,227.772852740185,0.0385635803296262,0.0418316214944215,0.0352694838744765,0.0324834282256512,0.0287390331129236,0.0385635803296262,0.0385635803296262,0.0385635803296262
"19","LA",3431,9032904,6389,20252252,18799,64334917,110446,416382770,117511,443014821,89788,320794326,87862,311775960,87825,309122731,84874,297048033,3607,11452783,2649,7942758,5574,21828427,15731,79506848,96037,516979473,13080,102632,549599989,13601,103610,668152380,15421,101962,662760058,15315,101320,664869058,15214,100227,644969497,15301,2592,8178378,4755,44796601,3834,34975551,4072,37601983,4357,39898607,1444,25280590,2602,51096511,2882,55785927,2119,38856323,0.473488303300712,0.510615905555047,0.493348661520775,0.491032365943606,0.47447220306556,0.473488303300712,0.473488303300712,0.473488303300712,80001,310714372,77115,340040919,78157,335965667,76636,327374406,64267,316492736,73069,418274628,78542,435807676,61822,326879302,0,0,0,0,479,8557916,3409,70418992,3615,74072062,3801,83050239,3694,84643198,3774,84406658,4064,83655345,0,0,330,2813472,497,4305990,1035,8463314,6831,61711476,7067,74505314,4996,62181289,5607,73220017,5997,76151712,9426,106617726,320,2629453,7380,6668,0,0,4792,4615,4852,5655,NA,0.139585858585859,0.139585858585859,0.139585858585859,0.139585858585859,0.139585858585859,0.139585858585859,0.139585858585859,0.139585858585859,NA,23699352,21478978,0,0,13120061,11721749,13718893,16830660,NA,2291.7007419824,3094.74487508008,2823.53661168852,2783.29372151087,2628.15928455429,2291.7007419824,2291.7007419824,2291.7007419824,141.083836615969,151.441200695525,113.875724374164,95.6309641065579,91.7932637761118,141.083836615969,141.083836615969,141.083836615969,0.0471812063992901,0.0323968152283335,0.0288107359876123,0.03076253521772,0.0350381526551133,0.0471812063992901,0.0471812063992901,0.0471812063992901
"20","MA",62570,277300837,87254,414901304,126491,608746267,252048,995869886,252869,1005983986,161464,633551773,159692,631115355,154178,608715912,149765,590148206,65476,309558184,40935,239682269,85785,464312181,130033,725668730,203635,1115316431,44515,205477,1130621759,43742,204881,1431310508,45942,202574,1448734575,45382,199877,1436875436,44438,197490,1417205389,44584,43219,272622927,12525,197903019,11038,182529008,8478,137005214,10997,179065725,3809,71071595,5377,102657700,3813,77557804,4717,90861456,0.54072268782174,0.541843388824091,0.554270052313247,0.555716091746433,0.572541981475439,0.54072268782174,0.54072268782174,0.54072268782174,94617,436519631,85134,428153704,67439,325308604,98209,481699465,60975,386281666,77953,480908053,66953,362790451,62724,434817895,699,12467849,4437,100915709,8807,195917134,13691,315508926,13797,332173659,13263,333053635,12979,334351969,13191,356444488,13255,355697305,1825,38559436,7153,107557508,12461,195749687,16833,269960401,25750,426775014,25054,430528827,21074,383569916,20479,372329187,20475,377380724,21774,386580836,5631,86119675,37572,32477,0,0,22735,24291,24562,25698,NA,0.0854342857142857,0.0854342857142857,0.0854342857142857,0.0854342857142857,0.0854342857142857,0.0854342857142857,0.0854342857142857,0.0854342857142857,NA,88779942,73382624,0,0,55394242,59403640,61300554,66487184,NA,3078.68792121559,3183.19653271127,3276.78898127528,3206.31646843314,3228.32119280102,3078.68792121559,3078.68792121559,3078.68792121559,981.149523762155,1104.43612819425,1090.22084887138,887.570602956733,791.138745952459,981.149523762155,981.149523762155,981.149523762155,0.0861207132376713,0.0841904357968402,0.0864420403484036,0.0742795221754947,0.0730063505610081,0.0861207132376713,0.0861207132376713,0.0861207132376713
"21","MD",33778,139793526,48912,223874885,75312,340309828,146387,553246129,149247,572685311,99993,362499622,94516,348068713,91836,336874437,86589,319140374,37434,170275173,25525,132853846,42417,246295912,73201,411383507,120547,652864022,22910,122543,669927801,23468,121044,825216610,25776,116111,809710000,25031,114969,805218024,25142,112846,792049111,25033,27403,157004731,9331,123587295,6384,84769337,4778,68057359,8539,116534183,1563,23622497,2734,50723409,2220,39630117,2614,43757758,0.445685742118681,0.451687733749941,0.447882811774538,0.483476485340791,0.493982331099825,0.445685742118681,0.445685742118681,0.445685742118681,46245,187534321,49586,218813085,38520,163329571,49321,216996127,37281,192956273,46993,262410064,38498,201455128,38689,212458750,32,241025,1922,26649010,4428,69308140,7600,124704848,7719,131380349,5453,109154541,5414,112569884,5457,115335523,5811,126099379,123,1356636,3833,40676816,5727,72140080,8884,101380708,14900,188668697,14497,196091597,11893,176170175,12293,187379932,12933,200880446,14913,224542701,3560,37075655,10334,8609,0,0,6489,5746,5109,6817,NA,0.120650602409639,0.120650602409639,0.120650602409639,0.120650602409639,0.120650602409639,0.120650602409639,0.120650602409639,0.120650602409639,NA,24982081,21841389,0,0,13251868,12696432,13242546,18860920,NA,2552.65417538914,2848.92093926052,2733.68532361408,2969.87293872206,2961.94763347702,2552.65417538914,2552.65417538914,2552.65417538914,429.372416937841,433.297898025849,430.697279227412,390.709945180549,309.711621356323,429.372416937841,429.372416937841,429.372416937841,0.0631749124297884,0.0431993561520617,0.0498653542575912,0.0461193599218767,0.0436387691519781,0.0631749124297884,0.0631749124297884,0.0631749124297884
"22","ME",4217,12317095,7122,26781734,15180,55267972,37411,157382702,39466,158437735,32694,119600949,33014,122966724,30229,111820501,27549,101711848,3991,13301744,2568,7946663,5669,26167440,12351,54197999,33289,147080477,3677,34991,156948506,4069,35786,198283135,5110,36481,220234809,5208,34743,215285853,5340,32684,208648209,5361,2574,8564664,3230,35201715,2795,32420400,2692,31591653,3130,35577454,318,4065808,553,9613038,493,7845609,565,9122958,0.617682877324024,0.642570965817066,0.623391403309113,0.654403567447046,0.65843621399177,0.617682877324024,0.617682877324024,0.617682877324024,23976,87545046,23982,97239461,20814,86879382,25191,103087278,14890,68457826,20474,90975460,20271,87350772,14864,75075429,0,0,215,3462326,624,11421234,1309,23993333,1608,29087832,1696,32584642,1880,40730818,2040,42861893,2177,48624167,9,73189,250,1703893,434,5092903,873,9934251,3814,42886843,3631,43670705,2948,38296984,3089,41027481,3008,41033966,3382,44529761,197,1566716,7388,7005,0,0,5155,5445,5645,5089,NA,0.111315789473684,0.111315789473684,0.111315789473684,0.111315789473684,0.111315789473684,0.111315789473684,0.111315789473684,0.111315789473684,NA,14916795,14055307,0,0,8865418,8231748,9217645,9239496,NA,3487.53251603475,3793.83914414798,3898.9255887245,3832.48992367721,3964.72452674897,3487.53251603475,3487.53251603475,3487.53251603475,796.548510189169,1042.47003665502,1023.76433511337,884.802675585284,806.944691358025,796.548510189169,796.548510189169,796.548510189169,0.077616302671105,0.0912113204330407,0.0886807318567802,0.0792384872652431,0.0776954732510288,0.077616302671105,0.077616302671105,0.077616302671105
"23","MI",90142,373362320,159215,736915370,196348,872832230,374946,1539271206,358866,1436867110,271631,980592058,265078,961546969,239394,862732024,211548,777118871,97288,432938701,70961,343460909,160832,876053683,196944,1060348041,327749,1703176207,43300,315221,1598372229,41128,295491,1815233268,42332,288966,1796095045,41140,266762,1666445965,38884,242148,1536657880,37290,77293,401980699,11755,105288493,5435,44967547,3789,29858457,11048,103508351,2180,26476257,3160,44248383,2659,35213379,3176,42538321,0.528611704588005,0.544476747813284,0.562844120328168,0.586744381684894,0.575203767633207,0.528611704588005,0.528611704588005,0.528611704588005,143622,558462669,122182,478283340,125997,469877726,155369,655718101,115998,559915531,108081,586584468,109269,524482175,119812,615817119,1267,19318151,3825,59835065,6051,104973985,10877,174340883,10798,181097723,10491,184143043,10357,190211919,10171,189784060,10420,193568447,1883,27206196,9739,92117377,18383,175354123,24608,237995281,34403,349200370,33398,352791056,26609,305046267,28616,348563705,29027,354118856,33058,397924715,10175,95356535,28992,25457,0,0,27393,25966,26020,26108,NA,0.134397660818713,0.134397660818713,0.134397660818713,0.134397660818713,0.134397660818713,0.134397660818713,0.134397660818713,0.134397660818713,NA,61656234,45519878,0,0,29097582,34600111,35915139,40792183,NA,3103.96078280214,3150.86546548045,3330.62433302947,3626.80466290109,3577.62549770038,3103.96078280214,3103.96078280214,3103.96078280214,552.103698156428,493.761463883309,494.373053783045,430.223218363178,404.939603163224,552.103698156428,552.103698156428,552.103698156428,0.0839078434395718,0.0563617533658585,0.0650015192950471,0.0665064295156832,0.0722534108330484,0.0839078434395718,0.0839078434395718,0.0839078434395718
"24","MN",36031,154437216,54104,240066569,152008,686661486,384019,1391599098,374093,1356363709,201234,731680637,187565,675878964,170634,613349917,154226,552106968,37275,171189437,28269,161316291,56895,328111334,153529,903495039,297244,1743639906,85602,289761,1668922679,82969,287390,2197429509,89878,276185,2158094351,89743,263819,2086937089,90346,250616,2036945647,89944,28653,174585239,10602,105142755,7531,77639085,3922,39801932,9904,103196628,3707,44293009,4196,58984478,3125,43366974,3866,52982384,0.592832951388185,0.599431885430228,0.615530346787422,0.63623956865114,0.634778100373289,0.592832951388185,0.592832951388185,0.592832951388185,137961,582532231,165575,783112516,127575,554769420,155365,729168566,115649,651876330,167975,1067019099,129024,745970270,130021,823791219,1465,16766874,2577,32852259,5838,90871917,10323,173464817,10725,201394964,11004,219982475,12002,239591013,12963,252805109,14497,266832562,1818,20338215,5342,36403505,5613,42654311,11027,98717176,16713,166323662,15473,159645803,13242,145689626,12658,142909814,12243,141850461,12391,144893489,4878,33523162,13854,12013,0,0,10637,11259,11074,11433,NA,0.114203007518797,0.114203007518797,0.114203007518797,0.114203007518797,0.114203007518797,0.114203007518797,0.114203007518797,0.114203007518797,NA,33500837,28367627,0,0,20490310,22961764,23409072,25460001,NA,3280.46496582774,3487.34131849923,3605.58618857288,3760.67698055798,3729.39975114061,3280.46496582774,3280.46496582774,3280.46496582774,1095.8787239652,1074.19995265712,1056.2285654876,1061.00861355348,947.720468685193,1095.8787239652,1095.8787239652,1095.8787239652,0.154515402867631,0.128441235649189,0.129681399163644,0.133342282479808,0.136976358357528,0.154515402867631,0.154515402867631,0.154515402867631
"25","MO",24631,98198877,26302,112085727,57641,248792348,230446,908972101,232045,911107525,155861,573026741,147062,546204137,134255,499097265,123222,460969451,23798,102300228,19734,88607582,26747,130086035,56726,315966069,189404,1118764511,36297,192031,1117177502,35249,188875,1372061682,39920,180088,1310617015,38694,168845,1216944090,37986,160097,1207219607,38140,18148,89102937,11590,104017388,8752,78840142,7320,64124152,10726,95724277,3595,60768385,5342,101447330,3913,77504118,4606,79391848,0.52391782558443,0.492853899936439,0.512533977650257,0.536847954434952,0.528920002718684,0.52391782558443,0.52391782558443,0.52391782558443,126273,548400445,143738,678825962,136569,607136261,134925,616966667,102084,571385294,135777,872400994,130032,748751788,108482,645784494,141,998412,449,4145483,3273,42059171,7732,148224309,7800,150954604,7469,147015391,7425,140234762,7851,152439333,8671,172661419,299,2406538,6108,52643451,6253,56709931,8007,73380338,17627,165424643,17887,178300653,14759,159944088,14814,168522163,14405,170250058,16723,193377754,5847,52551133,15826,14251,0,0,11109,12048,12111,12981,NA,0.129553672316384,0.129553672316384,0.129553672316384,0.129553672316384,0.129553672316384,0.129553672316384,0.129553672316384,0.129553672316384,NA,31540464,28321825,0,0,23032154,23609054,24990694,27591361,NA,3206.92379105924,2959.46090983383,3063.16639721428,3094.60469194971,3125.99748521715,3206.92379105924,3206.92379105924,3206.92379105924,360.335315610902,347.193716516844,267.618562012543,262.410832117802,244.695779242846,360.335315610902,360.335315610902,360.335315610902,0.0535401364602364,0.038608916734768,0.0340753637607263,0.0343995276793777,0.0411031060966492,0.0535401364602364,0.0535401364602364,0.0535401364602364
"26","MS",2916,12257968,3298,13989079,10784,38267824,82478,326019356,84308,321052701,63818,227432732,60139,214957089,57955,209558674,54586,198198622,3080,13636075,1889,8212055,2770,12447132,10416,42308517,71278,345545148,10080,73334,363902810,10461,70465,445669125,12267,68610,446346492,12483,67185,437848078,12281,65139,419191784,12412,2009,9127333,3058,24162206,2782,23826745,2737,24740310,3158,26417083,322,3263083,728,11677818,800,11050270,547,7787873,0.371896290077815,0.410511230879467,0.422287209481299,0.402220739032826,0.398467544575224,0.371896290077815,0.371896290077815,0.371896290077815,55850,212606439,62183,262112290,64757,266362781,57678,238368526,44479,199085143,55620,286078441,59142,291242432,44797,213285332,0,0,0,0,240,4105001,1422,23846477,1490,29125468,1500,31632660,1740,35682290,1867,37224306,2156,43232562,0,0,344,1481325,270,1241930,429,1838572,5484,46425010,6020,56714694,3632,42169617,4256,50908198,4697,57933995,7303,84146790,297,1269503,5658,4757,0,0,3003,3266,2867,3909,NA,0.15492,0.15492,0.15492,0.15492,0.15492,0.15492,0.15492,0.15492,NA,15898777,13149832,0,0,6751221,8375909,7182443,10255399,NA,1873.79371024507,2348.89934265865,2391.23032168693,2139.49866512954,2131.83684885212,1873.79371024507,1873.79371024507,1873.79371024507,54.4644344709567,160.15978690925,142.115222410343,89.3523147867241,53.680398554947,54.4644344709567,54.4644344709567,54.4644344709567,0.00929902166542895,0.0149225832580454,0.0141603817146375,0.0099205145318852,0.00713786271996271,0.00929902166542895,0.00929902166542895,0.00929902166542895
"27","MT",NA,NA,81,264400,1424,4025170,26679,106672097,26653,106016424,23346,85849403,21483,78525337,19233,70132014,17684,64641093,2,2970,NA,NA,80,372743,1396,4374185,24312,106812056,1903,24401,108607597,1841,24206,122175099,2117,22718,115110316,2088,20993,106940212,2012,19640,101265209,1923,1,2112,2659,24607625,2243,20356407,2546,23857787,2444,22243089,198,1708770,262,2882280,280,2877323,234,2089401,0.487686664920094,0.513736931680039,0.529020556227328,0.545476021733995,0.558155383916402,0.487686664920094,0.487686664920094,0.487686664920094,20358,73859031,20405,82087952,23029,93051859,19918,79626460,14597,58183598,18626,84939771,21568,99131895,14155,59407187,NA,NA,0,0,43,546420,387,4681575,413,5313698,429,5227101,423,5217969,443,5906189,485,7061583,0,0,NA,NA,7,49352,89,447835,3196,31771590,3305,35769886,2999,34595636,3184,37936744,3025,37576725,3045,37947120,1,7000,3717,4146,0,0,3270,3434,3672,3880,NA,0.116791666666667,0.116791666666667,0.116791666666667,0.116791666666667,0.116791666666667,0.116791666666667,0.116791666666667,0.116791666666667,NA,6435313,7540429,0,0,5034915,5196857,4687088,5555646,NA,2563.17408959916,2976.76805251641,3087.69250302297,3093.9297188755,3131.93786915039,2563.17408959916,2563.17408959916,2563.17408959916,115.952449567723,286.475200583516,215.154534461911,197.285849279471,205.100749659246,115.952449567723,115.952449567723,115.952449567723,0.0138852501964894,0.024556284950158,0.0197097944377267,0.0185447673045122,0.0214675147660154,0.0138852501964894,0.0138852501964894,0.0138852501964894
"28","NC",27310,101203833,30083,121097388,49889,194159832,199934,768737268,221244,854498566,177387,654528646,172409,646575160,163336,619000209,151417,575721513,27101,111018626,19993,83261033,27950,127777008,48612,220704653,170865,846397073,25900,191409,950368736,27121,201820,1208542312,31535,197817,1210169777,31854,191130,1198332290,31324,183732,1159500946,31186,20214,88750040,16790,171415673,14733,155107279,13426,142100573,15681,165321618,2334,41139930,4112,81582090,4788,100548028,3229,59590132,0.386766240631057,0.472932205348088,0.478635963962127,0.483910971025538,0.455669428146954,0.386766240631057,0.386766240631057,0.386766240631057,96479,394542395,105432,466872035,113406,495652297,101993,443471104,80464,402411688,106882,599439227,114956,630947541,84124,450537292,248,1373518,633,4777908,1590,20228913,7225,148948300,7672,163206227,8031,179182654,9124,203205493,9607,216748762,10163,229795806,538,4106482,7216,60931365,4609,41583219,6871,63937535,25498,262474408,26757,288492598,19112,230767505,20037,253388790,21870,283091648,27852,337046228,6223,54759913,14340,14225,0,0,8361,10004,7633,11494,NA,0.166823170731707,0.166823170731707,0.166823170731707,0.166823170731707,0.166823170731707,0.166823170731707,0.166823170731707,0.166823170731707,NA,35274166,35881046,0,0,22328194,25506170,21468354,32163005,NA,2161.12565565661,2928.22267866542,2927.08707453519,2794.55786495808,2592.86661798404,2161.12565565661,2161.12565565661,2161.12565565661,381.775619739499,402.812175051671,373.179909013291,352.512885432679,260.780840027195,381.775619739499,381.775619739499,381.775619739499,0.0541331779184343,0.036124626108836,0.03831891223733,0.0403420614108741,0.0359202276332687,0.0541331779184343,0.0541331779184343,0.0541331779184343
"29","ND",NA,NA,16,54125,1165,3169216,28169,90881031,28264,93520410,18646,68355904,17080,63401640,15742,58576675,14838,54689387,NA,NA,NA,NA,4,12900,915,2693677,25316,119562246,2465,25282,118154204,2584,24303,131165869,3101,23214,130301954,3123,22299,126859998,2899,21999,128383466,2944,NA,NA,1454,10254745,927,6375501,726,5076944,1217,8624174,117,1218039,146,1663013,100,1152821,150,1631887,0.609501609501609,0.563605051664753,0.590883947339307,0.616493017069386,0.610871726881008,0.609501609501609,0.609501609501609,0.609501609501609,21883,77899854,21857,88838556,22829,91202807,21705,87611999,18525,75984706,25582,124283516,26729,132626600,18684,86128353,NA,NA,0,0,27,212164,194,2523326,209,2687857,161,2057582,232,2596079,198,2560956,204,2949698,NA,NA,NA,NA,0,0,16,88132,932,6674895,943,7733401,820,7533886,792,7870078,817,7787460,967,8915883,NA,NA,4543,3909,0,0,2854,2482,2521,2871,NA,0.116625,0.116625,0.116625,0.116625,0.116625,0.116625,0.116625,0.116625,NA,8322576,7226745,0,0,5147803,4039230,4308464,5530756,NA,3355.09657009657,3160.8579793341,3417.83504812479,3411.06351141654,3358.78289691747,3355.09657009657,3355.09657009657,3355.09657009657,1034.52514152514,1360.53076923077,1246.92897444408,1069.89547772113,994.079770191139,1034.52514152514,1034.52514152514,1034.52514152514,0.158064158064158,0.159242250287026,0.149020909392632,0.134005763688761,0.135012705778367,0.158064158064158,0.158064158064158,0.158064158064158
"30","NE",6777,23042207,8692,36790489,16052,68005791,65900,240965351,67039,245962175,45370,163989138,41873,152121247,38709,142558938,36414,133909492,7088,25680048,5583,18850612,9521,42453455,16763,82653654,55830,305970550,8812,56603,306790215,9247,56062,376095066,10928,53189,362769322,11032,51060,372059235,11168,48847,349231805,11011,5894,21182455,4934,39161965,3375,26453261,3031,24973014,4283,34074036,1290,22591862,1621,32301564,1512,27083240,1558,28915750,0.54307976904535,0.538407780560247,0.558299619588189,0.571224392567889,0.544094715564539,0.54307976904535,0.54307976904535,0.54307976904535,35880,143058303,36921,158912428,37691,154133690,36989,160977458,29656,165208430,37850,225337977,38499,215853725,30672,182333433,128,708929,207,1411122,743,11799921,2475,47327314,2991,54219787,2960,53346583,2951,56814490,3004,68260945,2854,62579132,121,668353,3384,26952818,3253,26774550,3648,30570628,6947,62502420,7407,69484900,6794,69539496,6794,73125066,7063,77704352,7345,82307986,3246,25773253,8374,7504,0,0,4505,4849,5364,5823,NA,0.0830869565217391,0.0830869565217391,0.0830869565217391,0.0830869565217391,0.0830869565217391,0.0830869565217391,0.0830869565217391,0.0830869565217391,NA,16923947,13369433,0,0,8252730,8579484,8666586,10406009,NA,2842.83917259936,2942.4434220488,3025.41996256265,3052.19080514531,2741.36043892579,2842.83917259936,2842.83917259936,2842.83917259936,376.770727058692,303.939607477724,308.89964374132,224.354752262982,232.133294831071,376.770727058692,376.770727058692,376.770727058692,0.0378945008128258,0.0297594781899715,0.0321236640299499,0.0253096712720343,0.0275483684666474,0.0378945008128258,0.0378945008128258,0.0378945008128258
"31","NH",3855,10481056,1976,7548658,11437,45330503,48567,183460561,54586,209007111,43040,167610863,51568,197156366,53296,158218508,75000,223096922,1158,3942941,2626,7491354,1943,8014410,11635,50163636,43025,195136979,5259,47711,239909675,6949,54311,347131757,9486,66572,444868428,13102,68453,316804377,11999,100637,557028408,20996,639,2241728,5205,67054344,5045,66394066,4334,57751139,4972,65490305,507,9847108,587,12375058,580,12865762,479,9274566,0.671579574214679,0.707573792998246,0.707575989002597,0.719510317215892,0.698697990376451,0.671579574214679,0.671579574214679,0.671579574214679,28416,110023286,32920,140691057,29732,123519542,32001,137764967,17645,80914834,34914,156649786,31559,140584023,20294,101545519,0,0,27,387817,201,3887135,919,21036315,873,20365113,804,19958118,978,21624523,909,17798483,1283,21197455,0,0,471,5686947,301,4529246,1904,24191456,6546,86584773,6619,94035117,5585,84001013,5503,84335015,5251,84320906,5478,85814779,268,3977394,6681,5249,0,0,5330,5211,5187,5312,NA,0.101690476190476,0.101690476190476,0.101690476190476,0.101690476190476,0.101690476190476,0.101690476190476,0.101690476190476,0.101690476190476,NA,13856107,10886459,0,0,10168916,9508373,9868312,11024395,NA,4078.06148578234,4280.60872549767,4297.38658927753,4302.34932245149,4361.43942824795,4078.06148578234,4078.06148578234,4078.06148578234,1380.33750186095,1705.42605445809,1518.2996792424,1297.36572220511,1021.74745258987,1380.33750186095,1380.33750186095,1380.33750186095,0.123046002679768,0.146899549996186,0.141667939514281,0.111487526947952,0.0986413812623832,0.123046002679768,0.123046002679768,0.123046002679768
"32","NJ",38119,151304848,58839,240902338,87800,358954634,177473,668365938,184531,701190657,141858,532853719,137999,521390332,134119,507606299,130113,501314262,45634,194173678,24770,116127314,57437,257612552,88799,399607747,157676,732301558,18773,163853,774652531,19568,161891,896363370,20606,159228,915268761,20645,157406,907016025,20716,153809,886005197,20846,29850,146776515,9165,102808448,5680,65027759,5074,63029787,7111,82184789,631,8072460,1422,24240548,1715,31889875,979,14289622,0.46552833393381,0.457184892002031,0.466811467151661,0.491910206464221,0.48926391130447,0.46552833393381,0.46552833393381,0.46552833393381,72146,264914485,71829,305192083,62453,265691221,71896,291857115,52346,254294754,68386,359372896,62163,318610626,50707,269582180,34,313850,403,4789112,1360,20272065,3827,68695765,4231,78458246,3865,70560262,3925,74848435,3947,73072831,4181,76751235,128,1601701,3220,30554039,4079,35726303,7690,73013782,15566,169890766,16490,202983731,13641,184976574,13793,192145052,14585,202923954,17731,241799333,3598,33561995,13435,10688,0,0,8823,10090,9755,10366,NA,0.100143884892086,0.100143884892086,0.100143884892086,0.100143884892086,0.100143884892086,0.100143884892086,0.100143884892086,0.100143884892086,NA,27313749,20073248,0,0,15052070,17310913,16147117,16792395,NA,2709.63851716506,2979.59963284596,3015.3588391537,3251.32560943111,3160.57435735504,2709.63851716506,2709.63851716506,2709.63851716506,836.396494930259,761.39518533467,814.616313606448,839.418892681751,814.245982738053,836.396494930259,836.396494930259,836.396494930259,0.0827757475938031,0.0953298527477964,0.0953328012351656,0.108942552948492,0.110156012443571,0.0827757475938031,0.0827757475938031,0.0827757475938031
"33","NM",520,1765690,162,1018443,3468,10165604,42654,176107042,44171,185831654,37509,130222896,32429,113873633,27814,98811260,24285,87626701,190,968041,470,2013505,146,1150741,2992,8929914,36402,179441072,5264,37429,188941676,5730,36825,226718758,6651,30415,199424916,6480,27184,182906945,6155,24860,174020890,5954,153,1137543,902,8144546,685,6569785,530,4895890,861,7710380,45,267301,226,1653936,211,1454944,93,541974,0.335973559746994,0.364250709311323,0.397646469704557,0.455189723903735,0.412629033758021,0.335973559746994,0.335973559746994,0.335973559746994,30310,114971760,33369,138131093,36562,151414102,30672,128328541,21390,96346330,28035,139468409,31763,162850715,21718,101502241,0,0,0,0,111,695015,511,4235214,450,4287058,456,4776346,463,5057569,490,5715718,540,6431480,0,0,64,264491,1,4000,78,250701,799,6918483,802,7273288,615,6280638,624,6135805,655,6754659,863,8253502,10,28933,3800,2743,0,0,1368,2194,1935,2779,NA,0.16036170212766,0.16036170212766,0.16036170212766,0.16036170212766,0.16036170212766,0.16036170212766,0.16036170212766,0.16036170212766,NA,8850717,7561856,0,0,3171069,4059318,3733046,7020704,NA,1975.35335346743,2274.11101367036,2423.89494241362,2789.34253654215,2584.98312098949,1975.35335346743,1975.35335346743,1975.35335346743,67.7829505954755,91.6122775341759,103.861992989484,70.2070475909247,58.930391518646,67.7829505954755,67.7829505954755,67.7829505954755,0.00837654567211807,0.0116584988393087,0.00981472208312469,0.00920320881933166,0.00790477076164791,0.00837654567211807,0.00837654567211807,0.00837654567211807
"34","NV",7315,33209288,10211,47630056,14082,63822266,31565,131553637,30460,128423353,25408,95468438,28917,106184806,30228,107694023,26595,94702684,8060,38264465,5895,37587325,9062,61187475,13274,85822127,27395,164092561,3588,26465,154752064,3429,27118,191793080,4328,30104,216399622,4388,31711,217832062,4326,25644,190423633,4312,6562,43633018,591,6893327,795,11867957,728,9817719,645,8201263,217,5774595,361,10931894,364,8658601,301,8294509,0.390540342656319,0.502609343936382,0.462752317706621,0.61015593762495,0.542364249793112,0.390540342656319,0.390540342656319,0.390540342656319,9368,33845625,12353,52973300,14256,56767159,10365,43924151,8034,41094865,12194,80235887,14287,80291665,8685,51905976,316,2983669,566,4812041,971,14667790,1355,32323686,1323,35418360,1570,43992367,1620,50188438,1582,58198469,1616,61041725,393,4052526,1064,11603599,1181,12777156,1387,15883547,2220,26949665,1556,19679082,1324,18507898,1530,22390903,1865,27316009,2333,33702908,1026,11269849,804,365,0,0,396,595,627,480,NA,0.158837209302326,0.158837209302326,0.158837209302326,0.158837209302326,0.158837209302326,0.158837209302326,0.158837209302326,0.158837209302326,NA,1970787,637667,0,0,753388,1308875,1406959,1216848,NA,2581.56333284522,3451.32567097415,3091.70175553948,3918.22737571638,3345.96314214781,2581.56333284522,2581.56333284522,2581.56333284522,277.758383365061,211.004411033797,190.622986389638,153.049047047848,156.202750015914,277.758383365061,277.758383365061,277.758383365061,0.0373407526724264,0.0304423459244533,0.0280754816227234,0.0254564840730375,0.0295372079699535,0.0373407526724264,0.0373407526724264,0.0373407526724264
"35","NY",113652,459953789,140039,601865823,248348,1085172945,599419,2434989860,597492,2415711038,409754,1554917168,397415,1508906346,382024,1455208863,361556,1384692006,115753,513211047,71872,343817995,116074,575874193,226283,1154168754,492955,2658297715,93700,494848,2677230666,92102,487842,3358272143,97472,474008,3312138888,92760,455596,3177718812,89268,438008,3050082921,88013,73202,388571167,47077,654043656,37133,545329181,33831,514943718,41601,594804615,11481,229832443,21017,488591532,21333,543414661,16633,361690641,0.464731804120703,0.450171450436352,0.458248642902491,0.488383271911553,0.487127298529968,0.464731804120703,0.464731804120703,0.464731804120703,308632,1365105693,311906,1529257640,268878,1260518490,314137,1501009334,220519,1304922500,299081,1819887721,268581,1540546914,220938,1436212202,1186,18187100,4311,79846197,12575,229445671,35918,865962030,36216,890270091,34107,873454927,33676,923376832,33393,915458913,33766,903552571,2478,43241404,11440,126951131,13999,162553505,27906,348892868,71047,1021219200,71048,1083087498,62775,1028328707,63035,1071628527,64270,1104641115,68513,1171975089,10439,124385555,71697,65155,0,0,42590,46704,49765,55958,NA,0.0889598930481283,0.0889598930481283,0.0889598930481283,0.0889598930481283,0.0889598930481283,0.0889598930481283,0.0889598930481283,0.0889598930481283,NA,157996522,139712945,0,0,83152784,97985353,105359756,124215521,NA,2415.60983676725,2633.49130483839,2626.83366881407,2757.67874680717,2708.65425067573,2415.60983676725,2415.60983676725,2415.60983676725,592.391354890173,566.585143905538,519.902982907707,469.932410907,377.806729750295,592.391354890173,592.391354890173,592.391354890173,0.0557938870406039,0.0484770589995536,0.0451201086662303,0.0460521975173662,0.0397875012254158,0.0557938870406039,0.0557938870406039,0.0557938870406039
"36","OH",92987,372139361,119984,520919626,212550,861676005,438646,1727022495,409292,1562734152,329152,1192299360,299903,1097690425,269405,988321365,242410,899171204,97283,430387238,58521,282463206,108908,571063568,200220,981947070,393908,1969529727,39562,366704,1806554700,38794,366393,2141517155,42957,337423,2033270339,41992,310816,1877836179,40701,288466,1785692471,39842,63076,345502388,18809,200117334,16181,174722474,17575,193831453,17358,187748194,3224,39177662,4959,71609968,5307,78987196,4491,57790166,0.594051432718005,0.630398015559815,0.644497308815695,0.65860539389638,0.645591894192366,0.594051432718005,0.594051432718005,0.594051432718005,195007,739854423,220309,926206158,206869,809867792,208851,877098165,148290,706282896,205763,1092587478,202281,995233528,156934,801216928,672,8719462,2251,32420575,4279,61779199,10470,165907097,10168,174174319,10870,182612439,11033,177975634,11079,185379611,11687,199982774,1481,21647862,15544,179327371,14604,167888015,20841,232727939,44457,505648048,44229,533605266,35748,465043590,35641,480520379,35731,486185484,39981,533722518,13658,160080241,37174,36422,0,0,19186,21058,21847,25472,NA,0.130389937106918,0.130389937106918,0.130389937106918,0.130389937106918,0.130389937106918,0.130389937106918,0.130389937106918,0.130389937106918,NA,69845227,64792068,0,0,30764854,37183208,37341323,47744218,NA,3329.77150846888,3812.86910399519,3967.11088046733,3855.56139992903,3845.30586656191,3329.77150846888,3329.77150846888,3329.77150846888,659.964390010796,616.129495997294,587.74368536106,519.811559616749,422.237396058404,659.964390010796,659.964390010796,659.964390010796,0.0769632395886798,0.059551997594618,0.0595642669507871,0.0540809084457062,0.0533457735873764,0.0769632395886798,0.0769632395886798,0.0769632395886798
"37","OK",8724,36287906,13345,52654826,23411,89477185,93511,375707981,95493,381892220,79412,277919631,74553,263249061,70452,249401818,67674,240804036,8208,36256572,6516,30957823,10812,51533487,19288,101869672,81730,425419143,10202,83922,425491613,10197,81703,496710349,11883,79867,496223837,11798,76619,485455658,11414,75985,467616784,11098,5598,28137781,5022,47811390,4230,42777082,4026,42083878,4854,49447206,589,6934616,1523,26181560,1508,24524465,1268,18901125,0.408101651308708,0.411128121205722,0.437895989035144,0.458546671918078,0.43842927945101,0.408101651308708,0.408101651308708,0.408101651308708,66089,244285302,63026,266618973,65324,265569232,65993,271709907,50263,236517392,55933,313307786,59596,312544681,50342,266305979,7,24709,26,160136,606,8932295,1943,40281948,1763,34202715,1710,32917570,1749,35434178,1697,35062182,1622,30929268,11,54412,2669,27882255,1994,19667127,2861,28841976,7788,84443446,7708,91507767,6552,82521078,6921,91749347,7544,103571788,9340,124541186,2087,22297235,6235,5483,0,0,3288,3186,3774,4348,NA,0.164527472527473,0.164527472527473,0.164527472527473,0.164527472527473,0.164527472527473,0.164527472527473,0.164527472527473,0.164527472527473,NA,19577368,17107830,0,0,9690480,8850758,11383124,14130049,NA,2332.26993252999,2422.33286702212,2569.44286120665,2627.17386274124,2517.72817384674,2332.26993252999,2332.26993252999,2332.26993252999,206.830957444016,207.967534181492,219.087874007603,137.140434226073,144.923822912695,206.830957444016,206.830957444016,206.830957444016,0.0306371583838702,0.0255503352161748,0.029920608239158,0.0167388735722725,0.0192289363324438,0.0306371583838702,0.0306371583838702,0.0306371583838702
"38","OR",28868,120202601,35465,163164691,60919,256777942,140470,565137371,144075,588149255,114318,422295599,104686,386953405,91812,339921895,80665,299535978,30149,135936127,21420,112774371,33650,200807698,59447,315447397,124592,691734958,14536,128130,708806198,14601,122641,792631976,17037,115255,798025755,20061,104384,759121745,20042,93516,674470331,18415,22245,131377135,4496,54476296,4077,49086149,3265,36730829,4416,54185416,1050,10706141,2523,37175555,2413,32162222,1849,23780770,0.51318618770554,0.542236047846536,0.58115523465704,0.592734831935734,0.596577971504782,0.51318618770554,0.51318618770554,0.51318618770554,51554,202240606,63596,277449382,67577,264916302,55289,238141401,41294,211749840,58994,355022718,64247,339647287,43815,239575321,594,5294728,1481,20253848,2785,39441879,5441,84999268,5543,94653122,5671,102886745,5710,110257499,5840,116353336,6235,128373192,1058,11056349,6690,66541278,6078,65168845,8351,101407226,12678,163217836,12410,169781212,10755,159292726,10155,166123310,9904,166742239,10353,177505582,6095,63586306,16401,14409,0,0,9634,8567,10059,11316,NA,0.117662921348315,0.117662921348315,0.117662921348315,0.117662921348315,0.117662921348315,0.117662921348315,0.117662921348315,0.117662921348315,NA,32100485,31511878,0,0,14376459,13857756,16300169,20493829,NA,2888.28769289147,3216.32248268711,3521.89184115523,3585.21439644845,3647.18408041116,2888.28769289147,2888.28769289147,2888.28769289147,368.9464963319,442.494982039033,368.486823104693,297.602106969206,296.215242990046,368.9464963319,368.9464963319,368.9464963319,0.0452188211484948,0.0391437988371662,0.0372924187725632,0.0318511732788387,0.0359443107149828,0.0452188211484948,0.0452188211484948,0.0452188211484948
"39","PA",9038,24007765,57628,228773620,125261,479257618,521573,1972128534,516627,1950504209,369409,1408887315,353735,1354791763,337284,1302904312,317086,1223273535,8128,21379435,6690,21088072,62475,259199523,129545,604858198,459396,2352433767,59403,455532,2362111597,58485,440999,2728461081,60514,425930,2743624182,59921,410672,2648465895,58875,393250,2538362292,58675,6146,17903401,56673,688400256,39844,500941548,39860,502690198,52672,659642874,7828,120895131,11788,208814128,12628,226059847,10880,182764201,0.635942173825536,0.643990275034189,0.656126071264129,0.673781698223528,0.662790938386271,0.635942173825536,0.635942173825536,0.635942173825536,340734,1369094982,328166,1482149780,319287,1406618112,359513,1596356418,248006,1318854656,341596,1911825928,334214,1752311085,256841,1498761059,0,0,1023,18960118,3698,57053580,18030,351710552,18374,385896592,17267,372951716,17615,408190552,17893,422749501,18459,433211645,68,688013,1311,10946622,11847,135863113,18856,222639507,68410,868702766,66205,910334840,54417,813735191,55069,856003102,56393,892645728,62592,964889093,1255,7527832,51872,48952,0,0,30847,32545,36852,37743,NA,0.0996094182825485,0.0996094182825485,0.0996094182825485,0.0996094182825485,0.0996094182825485,0.0996094182825485,0.0996094182825485,0.0996094182825485,NA,99511515,88104394,0,0,49135868,56321678,64226328,69944706,NA,4019.34336893682,3980.81217900015,4013.17083042464,4131.64931821299,3978.12472484629,4019.34336893682,4019.34336893682,4019.34336893682,1177.89239140242,1373.38693967482,1344.97321282695,1111.32852822071,982.698314230708,1177.89239140242,1177.89239140242,1177.89239140242,0.105540402673385,0.105493086157119,0.109718240824632,0.0945117769773267,0.0822873467247221,0.105540402673385,0.105540402673385,0.105540402673385
"40","PR",857,2449843,8443,35070518,21626,73196709,35243,276070055,37702,286430156,49409,157544744,51129,167133785,55390,186361390,61173,207888884,769,2099890,88,430785,1947,10904986,4504,25008069,15510,118195290,8297,17461,127069255,8895,31808,265146873,19683,34063,274023061,19795,36675,311161131,20210,42637,370612357,21336,76,331270,520,2592234,410,2175181,293,1811594,489,2547437,713,5929135,834,9209222,785,8723803,735,6355412,0.0687756888697639,0.0797230250853954,0.0629500260440604,0.0594923886836061,0.0634473034896017,0.0687756888697639,0.0687756888697639,0.0687756888697639,58671,235709154,54390,229257490,42936,199889075,61164,269088189,9452,68674097,9981,87927478,9530,88403551,10340,90121120,0,0,206,1170750,398,3564796,1368,14812048,1536,17294471,1478,16769595,1452,17254603,1462,18049922,1795,24168185,0,0,0,0,5,31400,84,294302,337,1572187,379,1709613,389,1841978,388,1928265,497,2550731,600,3067047,0,0,3441,1882,0,0,314,1929,1694,1302,NA,0.129652173913043,0.129652173913043,0.129652173913043,0.129652173913043,0.129652173913043,0.129652173913043,0.129652173913043,0.129652173913043,NA,5690691,3210509,0,0,511234,2330223,2181670,1611618,NA,162.981452079593,217.135859905099,173.504703250912,160.346496797112,182.327186208223,162.981452079593,162.981452079593,162.981452079593,0.574985532622082,9.75440114994049,0.405214940098661,0.139885580585793,5.49661934822316,0.574985532622082,0.574985532622082,0.574985532622082,0.000237413381211699,0.00950555650010046,6.12801421699298e-05,5.70670395046581e-05,0.00692152401704746,0.000237413381211699,0.000237413381211699,0.000237413381211699
"41","RI",12041,46607069,13135,57564671,17116,70414382,47196,180960914,47992,183102173,41521,156939748,37273,146061258,37167,146635458,35449,139521053,12815,57191751,5571,26004050,11420,50606028,16865,68111256,44099,174781333,2763,44785,179438215,2828,43514,199537434,2988,39936,185521440,2930,40466,189271675,3129,39607,185149702,3199,5650,33464716,5694,78894512,5372,76094283,5390,77510911,5292,76099825,497,10926411,613,15585316,653,16669727,594,14465908,0.602606238828346,0.631314484791639,0.628433605788557,0.628970607618294,0.602391629297459,0.602606238828346,0.602606238828346,0.602606238828346,24899,87205368,26095,105230625,26210,105975469,25023,100282376,16388,64208419,26453,111193775,28308,117950121,16576,69421626,32,385567,107,1808035,186,2727433,910,21973992,912,22320486,959,21346652,878,19311212,818,17414092,907,18832217,69,1247837,1882,29706770,2430,40517041,4012,64580458,10003,149842466,9530,147189145,7248,120411531,7033,120978608,7495,130109104,8054,136894460,1673,27455396,10101,9788,0,0,9036,9231,9267,9328,NA,0.0688695652173913,0.0688695652173913,0.0688695652173913,0.0688695652173913,0.0688695652173913,0.0688695652173913,0.0688695652173913,0.0688695652173913,NA,21785278,20095437,0,0,15748412,16470197,17446452,18118239,NA,3074.49899094736,3726.46904730001,3708.23361918799,3606.45162778437,3351.55657373107,3074.49899094736,3074.49899094736,3074.49899094736,1321.86853485556,1403.31682969315,1214.8986332574,1067.31705548965,1076.19405992071,1321.86853485556,1321.86853485556,1321.86853485556,0.0942166868477195,0.085287417928447,0.077247755594265,0.112824568340583,0.0712939494378371,0.0942166868477195,0.0942166868477195,0.0942166868477195
"42","SC",10616,39926134,12071,49937551,19717,80616536,121033,458299273,128029,481437108,108290,386630630,103312,372575526,97340,354351925,91496,335975159,10921,44989555,7768,31671055,12541,57980422,19054,97885004,109070,525187040,10637,115972,556492646,10617,116492,654408790,12043,112598,652208990,12015,108732,622382842,11802,104704,608294854,12355,7842,33988315,6210,61436589,5616,57863073,6584,73992914,5911,61511002,949,10593866,1917,32175855,1865,29886430,1356,18609584,0.439420499071974,0.509421702404159,0.516545848239503,0.531997384155456,0.522873852839871,0.439420499071974,0.439420499071974,0.439420499071974,67361,253012963,78570,321987643,87371,351669957,71370,296361754,54053,262750239,75595,395477502,86220,437055308,55603,291602863,13,56417,39,236389,606,12732547,2903,52422107,3057,59477272,3067,62000327,3157,64027122,3106,61026867,3458,67780018,22,110302,2966,35029833,2600,32570916,3918,46426767,14087,160167830,14374,179222676,10405,148462034,11305,167453292,12437,187183975,16073,229974759,2866,35924389,6248,5312,0,0,3323,3942,4290,4488,NA,0.15061,0.15061,0.15061,0.15061,0.15061,0.15061,0.15061,0.15061,NA,15243008,12682796,0,0,7429417,8555089,9348632,10860125,NA,2392.94547844916,3106.23011575578,3330.65959800414,3302.21914704783,3208.39224207679,2392.94547844916,2392.94547844916,2392.94547844916,678.253428541967,519.487666353813,441.97698173602,429.874813153961,300.376985136041,678.253428541967,678.253428541967,678.253428541967,0.0824138997731491,0.0460857218492046,0.0443654678968179,0.0424374065769806,0.03210892531034,0.0824138997731491,0.0824138997731491,0.0824138997731491
"43","SD",100,298184,99,328246,5372,15062566,40929,148471745,42408,151981065,36339,129823841,34423,123817853,30163,110402300,27015,99301364,85,339902,56,158684,87,268160,4334,18429221,38058,189343685,2374,39510,175518943,2340,40284,201164843,2876,39076,206011852,3012,34491,179110295,2856,31852,163847339,2828,30,77018,2756,17230734,2022,11802656,2086,12781415,2539,16030019,179,2444376,226,3562702,227,3398153,190,2819832,0.696597118728266,0.686081065018424,0.69295242592374,0.732520998462085,0.724056603773585,0.696597118728266,0.696597118728266,0.696597118728266,26514,94019193,29144,115918872,31810,120128741,26854,105972826,21646,85648604,30149,135235999,32514,141981264,21616,92104575,0,0,0,0,27,562883,330,5177402,361,5865766,395,6778525,421,7710094,380,7216723,413,7383427,0,0,37,122197,30,91410,152,779983,2909,18442776,2933,19647897,2546,18208100,2565,19406094,2554,20148028,2937,25092405,36,135582,5571,4789,0,0,3838,3670,3716,3983,NA,0.108076923076923,0.108076923076923,0.108076923076923,0.108076923076923,0.108076923076923,0.108076923076923,0.108076923076923,0.108076923076923,NA,9009939,7713389,0,0,5676978,5358224,5560147,6941622,NA,3904.77521112767,4005.96838226554,4105.25463345532,4226.28191174731,4051.19395777179,3904.77521112767,3904.77521112767,3904.77521112767,621.026204669647,944.012124093665,820.34694841223,669.537205725778,578.309299191375,621.026204669647,621.026204669647,621.026204669647,0.0960009935419772,0.114584571496494,0.10305749026089,0.0912102212232344,0.0835579514824798,0.0960009935419772,0.0960009935419772,0.0960009935419772
"44","TN",15459,57449486,19708,78629782,66533,261798018,173543,684581656,176474,698789964,134210,495163190,126004,469485518,118403,445308428,109595,414574153,15766,64032893,12080,51400796,18109,85309929,62830,318219181,147689,816069503,22961,150183,841632300,23450,153712,1073610237,26984,146481,1059680959,26313,139920,1018844999,25471,133438,985419046,25629,12041,54013729,11612,116355658,9563,98575905,7040,77723167,11010,112311254,2200,39327069,3488,63933922,3533,65164166,2817,48599322,0.386719055744275,0.413120744062448,0.438956504553764,0.426460608304029,0.421193349501797,0.386719055744275,0.386719055744275,0.386719055744275,100845,393475795,115614,515163641,91239,406222741,106562,461114433,78999,390676841,108185,649454553,86769,518343011,84150,464370285,103,708215,333,3027607,1697,22518517,5896,104666446,6503,125505636,6810,139092459,7471,160679943,7603,166328137,8226,183472905,209,1381514,933,5485407,920,6236931,5034,33873177,13915,132697698,13112,139028449,9692,116971478,10213,128712589,11031,144050531,14290,181632331,903,5417526,11166,9332,0,0,5974,6135,6797,7462,NA,0.133629370629371,0.133629370629371,0.133629370629371,0.133629370629371,0.133629370629371,0.133629370629371,0.133629370629371,0.133629370629371,NA,29753850,22052522,0,0,14473073,17083955,19069908,20271386,NA,2276.98033844179,2518.42486297957,2683.29524531036,2465.76371151829,2473.0435525816,2276.98033844179,2276.98033844179,2276.98033844179,151.11865812996,195.760372031224,158.512063769166,112.128616817817,130.63156356836,151.11865812996,151.11865812996,151.11865812996,0.0256883893489457,0.0218236173393124,0.0209324923005978,0.0144055771484977,0.0230400607778395,0.0256883893489457,0.0256883893489457,0.0256883893489457
"45","TX",23623,85436737,68048,275190842,187651,719716839,547067,2150496090,556739,2257617634,450030,1616289598,435309,1585471228,417154,1517434267,397283,1458972258,24107,97316647,15909,78050031,59684,314576891,177058,872801808,472110,2455505241,66379,479901,2475019642,67966,482519,3021281296,78731,473519,3023362086,79571,450733,2897764203,79196,440380,2818355322,79387,17700,90650167,34646,371936352,26839,287747451,22144,242224505,31731,337751065,4470,53079064,6605,92621161,6335,91244918,5890,75596535,0.465182877296892,0.456273423266088,0.459150856252992,0.477270231951996,0.465410444401264,0.465182877296892,0.465182877296892,0.465182877296892,339245,1330384806,341372,1460120506,306721,1279189026,349721,1486040867,265751,1324760973,305867,1709994666,282046,1527332465,268663,1416439115,43,432968,486,5057366,3294,32753354,11226,164815628,11063,172223420,10470,168535067,10999,189458572,11286,194265353,12198,200412352,40,473972,2422,17633487,5027,41889261,16488,127522755,48856,477996675,49104,511815710,36935,429251307,40204,478482298,42705,512682961,53711,619278417,2761,22914317,19727,20154,0,0,7457,10526,10885,11678,NA,0.152768421052632,0.152768421052632,0.152768421052632,0.152768421052632,0.152768421052632,0.152768421052632,0.152768421052632,0.152768421052632,NA,52689182,53061266,0,0,18259524,30072507,31336622,35706154,NA,2703.84510699119,2834.5097185904,2745.65879491036,2842.81459116014,2876.50566105695,2703.84510699119,2703.84510699119,2703.84510699119,397.371590009357,370.364907345347,368.418255768403,369.967863740733,355.754174111269,397.371590009357,397.371590009357,397.371590009357,0.0647088461815303,0.0596520376471477,0.0578025177368418,0.0627640429056296,0.0726719525314806,0.0647088461815303,0.0647088461815303,0.0647088461815303
"46","UT",114,279222,236,786692,20188,65959247,87777,416812026,99863,449387665,96298,351714138,90730,323163895,90739,318344793,88918,312899147,126,352938,85,297245,206,934736,19309,87999553,77045,408172867,8213,87555,458908226,9807,91872,539764858,13826,88250,486489477,14651,92559,507675651,15826,96690,537984371,17997,105,342081,1843,17346881,1490,14775665,1410,14142761,1614,14963163,307,2350942,428,4566236,652,8028067,331,3320622,0.331642383095583,0.334332047488858,0.341546064242852,0.35292515153579,0.335718584899351,0.331642383095583,0.331642383095583,0.331642383095583,58313,216633969,71879,301881152,76787,317338776,60118,246946917,35227,147818467,53227,287185646,55225,302292966,38833,170769041,0,0,0,0,22,113313,950,11301712,995,12940466,998,12596816,1040,15612282,1121,17747275,1230,19905504,0,0,1,1859,1,14318,461,2881980,1910,17592004,1619,17077183,1217,14223437,1146,15237928,1355,16742729,1658,19159654,4,14235,5109,3600,0,0,3382,3529,3927,4245,NA,0.147578125,0.147578125,0.147578125,0.147578125,0.147578125,0.147578125,0.147578125,0.147578125,NA,13169840,9268542,0,0,8101707,7955098,9466519,9818608,NA,1818.01201464643,2163.90296243586,1753.45827744441,1897.82459306681,1830.29254998997,1818.01201464643,1818.01201464643,1818.01201464643,108.79399649096,299.255084079248,202.237274973526,121.947592453858,139.386611382331,108.79399649096,108.79399649096,108.79399649096,0.0161339537722176,0.0627317328938991,0.0287680903635722,0.0152216849417694,0.0176887581087407,0.0161339537722176,0.0161339537722176,0.0161339537722176
"47","VA",36151,157057600,47451,211450627,85017,352791264,257119,952433423,280212,1031277605,186266,701139534,184819,707789866,182347,698002551,172473,663077827,37716,175436271,28784,172510324,50652,287884296,89537,455352126,215291,1171939928,39091,232302,1264633221,44294,240084,1645292836,50981,237907,1672035828,51341,237391,1648309319,51521,226768,1585470268,49721,30156,192324149,15450,174462103,13371,152088594,11367,130118276,14418,165040093,2892,43411942,4370,77023319,4889,90217326,3711,61065517,0.447919697410532,0.450525266785699,0.464623243933589,0.468898590217724,0.458639345181365,0.447919697410532,0.447919697410532,0.447919697410532,90215,365860364,112192,501398451,112977,517260709,100661,445622517,75603,374232787,113347,641773016,115140,672259379,83813,454262453,476,5217921,1445,19104436,2735,38862366,8943,157023030,9361,175617066,9806,186380978,9468,190318169,9731,190426682,9898,202212036,1017,12632854,4979,51569129,5040,53178561,9975,109551892,25348,296666925,25264,315852589,21684,289180584,21448,303266310,22675,330849236,26277,376990721,4719,48914926,10666,10892,0,0,7364,7234,7107,7808,NA,0.108809523809524,0.108809523809524,0.108809523809524,0.108809523809524,0.108809523809524,0.108809523809524,0.108809523809524,0.108809523809524,NA,26200360,24205830,0,0,15684144,17441976,17609038,19682719,NA,2627.1557515804,2770.90489833769,2871.38842060451,2870.13541695632,2712.61532208331,2627.1557515804,2627.1557515804,2627.1557515804,504.431295791785,598.657891458705,527.329062012204,413.514083919584,420.641727869036,504.431295791785,504.431295791785,504.431295791785,0.0741926098341577,0.0509072789934809,0.0490279551582234,0.0368017128715624,0.0427342041823177,0.0741926098341577,0.0741926098341577,0.0741926098341577
"48","VT",6,26485,17,78068,1906,8510207,27582,105696981,27518,106497663,18233,70969479,17124,67012130,16139,63979931,15338,60871081,5,14113,10,44003,16,47657,1468,9544924,23180,113839765,4261,23098,113675997,4276,22772,140211469,4411,21692,136255296,4122,20867,131559334,3973,20275,130805272,3929,3,3375,6321,80436113,5515,76218232,6001,86952056,5763,77427924,914,18339498,956,19741110,1283,22252844,868,17000836,0.616120770993395,0.580204778156997,0.622267206477733,0.649456886147244,0.644583823337253,0.616120770993395,0.616120770993395,0.616120770993395,19491,77473192,20014,88644672,21170,94508283,19485,84447504,12815,67233943,20558,102952372,22028,108644723,12804,71465666,0,0,0,0,300,6620411,1524,31333834,1436,29532185,1398,29974388,1343,27519546,1433,29147926,1474,29742314,0,0,0,0,5,46943,137,1379458,6141,90652124,5872,93799108,4945,83607325,4381,77969893,4070,75351085,3677,68953413,1,15968,5872,5111,0,0,3845,4086,4186,4282,NA,0.0793076923076923,0.0793076923076923,0.0793076923076923,0.0793076923076923,0.0793076923076923,0.0793076923076923,0.0793076923076923,0.0793076923076923,NA,9491382,7865119,0,0,6351353,6507579,7070736,7514286,NA,3280.15527699151,3462.30771331058,3694.82132253711,3750.19149792142,3727.3895204495,3280.15527699151,3280.15527699151,3280.15527699151,1064.18910904435,1626.87399317406,1189.88717948718,1201.46466407402,867.901215209722,1064.18910904435,1064.18910904435,1064.18910904435,0.14678528103518,0.121092150170648,0.106882591093117,0.111573018640204,0.0874166993335947,0.14678528103518,0.14678528103518,0.14678528103518
"49","WA",30346,136814107,34655,169037370,56337,247955525,127932,518709544,129448,528996440,105222,385055083,104359,383959194,93846,347119034,87260,321295200,30521,145672503,23070,131557070,32732,203065694,52920,295982091,111158,603749179,15340,112860,608863949,15140,112338,711918877,15758,112453,727772158,16007,103938,690257449,15868,99684,660203009,15753,23581,145450800,8173,90745180,6534,75195630,6107,69225165,7224,82767301,881,10061455,1316,16509045,1245,15216019,1197,14605431,0.400231000231,0.422730006013229,0.435277816917947,0.453292032512751,0.44913117234423,0.400231000231,0.400231000231,0.400231000231,55940,210866230,61917,258226967,60332,245783272,57227,234822746,44414,204288901,58717,315556090,58530,307983647,44804,221956593,1022,11869192,2238,34413163,3632,61498321,5478,91664444,5721,102961562,5716,106178723,5940,113177432,6285,118142563,6788,121344699,1591,20517299,6619,67630617,6109,62287332,7662,85100402,14981,179798199,15113,196134347,13916,195815862,13830,206029061,13671,211167492,14082,214804257,6092,62646171,15699,12919,0,0,13331,14842,15164,15209,NA,0.118678899082569,0.118678899082569,0.118678899082569,0.118678899082569,0.118678899082569,0.118678899082569,0.118678899082569,0.118678899082569,NA,36767416,27742598,0,0,20479786,20366273,23491162,28468003,NA,2321.14726264726,2540.28169665572,2599.06730543422,2727.41586510469,2733.77761221402,2321.14726264726,2321.14726264726,2321.14726264726,345.819750519751,359.88523983533,333.738903762153,301.37755315928,289.352528540645,345.819750519751,345.819750519751,345.819750519751,0.0501732501732502,0.0362643970581433,0.0364003569583392,0.0374502177609055,0.0354408326073999,0.0501732501732502,0.0501732501732502,0.0501732501732502
"50","WI",20521,82214524,24706,107235774,42608,174300975,182967,713107810,180283,721745215,156872,572755902,149888,545506109,139851,511801254,127122,465346212,20666,90575892,14601,70195806,24752,123040594,40759,192615489,165182,765875468,15497,162838,751117325,15105,160660,853944681,16942,155963,842951707,17308,150096,822613266,17187,140964,772662272,16792,14686,76923859,9357,80607015,7982,68900000,8284,71764260,8704,76243198,537,5031078,1214,10154664,1530,14040362,679,6674892,0.565557692307692,0.596666947226664,0.606942634311839,0.614138827928148,0.621255118560137,0.565557692307692,0.565557692307692,0.565557692307692,100981,362167376,113014,456414454,124807,482038373,106836,425082311,75948,334168248,106375,522753602,117984,553506897,80435,380287762,713,10126961,909,17766716,1134,21502388,2585,39789234,2482,41580233,2532,44753218,2532,47055245,2542,48116777,2644,49869064,796,12525542,3123,33592544,3224,33957997,4355,47311561,14245,142509914,13955,147991619,12037,136417154,12181,141689503,11988,142426111,12508,147937581,2735,30401721,22516,20328,0,0,18417,18514,19956,20886,NA,0.110771428571429,0.110771428571429,0.110771428571429,0.110771428571429,0.110771428571429,0.110771428571429,0.110771428571429,0.110771428571429,NA,52303620,43116402,0,0,29178413,30071677,37552069,41185022,NA,2986.19984615385,3375.54742866762,3424.0123709634,3394.91002194587,3451.17661175126,2986.19984615385,2986.19984615385,2986.19984615385,477.149269230769,704.931382038549,654.751691181034,580.765301146062,501.058870583754,477.149269230769,477.149269230769,477.149269230769,0.0589615384615385,0.0770137193838902,0.0741844059661971,0.0652076729253028,0.0614227216455576,0.0589615384615385,0.0589615384615385,0.0589615384615385
"51","WV",26145,100496707,28485,118744329,47844,192658239,82762,286824137,92630,313037187,66246,215331168,64177,212736023,56715,193568180,50873,179142279,26834,113585063,20257,95238104,28948,143012429,50045,253701325,71796,343474997,10443,80328,385933445,11800,80316,451665086,14056,78231,459725137,13276,71804,438137099,12870,66724,431667398,12354,20759,102308847,1257,9981706,966,7670893,912,7679005,1143,9365576,384,9062587,716,19577664,558,10419485,535,13953971,0.525435965789181,0.56384451544196,0.567630718105821,0.579678131902808,0.571385496758631,0.525435965789181,0.525435965789181,0.525435965789181,19822,68977863,24759,103594654,19369,69726326,21753,87215083,16534,75293098,24274,149738384,19271,98397392,18401,95375446,369,3589227,556,6497657,1351,24449728,1461,23593221,1812,38336958,1866,34530807,1918,38132180,2046,42521315,2323,47081604,423,4523719,4615,47698842,5086,56572512,5877,65947670,7437,81935446,7438,86694986,5944,75458685,6187,82665670,6247,86445180,7306,97727370,4718,52596884,6064,5355,0,0,4198,2598,3452,4415,NA,0.157654545454545,0.157654545454545,0.157654545454545,0.157654545454545,0.157654545454545,0.157654545454545,0.157654545454545,0.157654545454545,NA,13176279,9770761,0,0,8176070,4369684,6333406,9013467,NA,2829.70332111518,3471.23727369542,3402.37530505218,3387.86862311981,3342.41122669481,2829.70332111518,2829.70332111518,2829.70332111518,132.487448628235,476.476517571885,474.825068799003,370.359471968024,294.269460776923,132.487448628235,132.487448628235,132.487448628235,0.0183272242585805,0.0481895633652822,0.0469390934108728,0.039812769538235,0.0353284084627368,0.0183272242585805,0.0183272242585805,0.0183272242585805
"52","WY",111,285662,164,420736,2686,7387214,12983,42956664,11943,43919473,10404,33676976,8667,28056539,7182,23191544,6156,20489023,148,407233,102,323714,148,398260,2234,6872303,12237,47907065,620,11224,48153292,577,10396,49106290,668,9395,43983924,638,7945,38504642,623,7122,36342502,625,106,283502,2537,35105158,1989,30237111,1785,25012421,2174,36405046,36,252628,57,621968,88,1107393,47,404306,0.399805919456574,0.422898101511042,0.417470525187567,0.438924930491196,0.466825450833617,0.399805919456574,0.399805919456574,0.399805919456574,10553,33494475,10683,36274667,11065,36594601,10917,39135289,7443,27251540,10517,43386742,11117,46351223,8205,33222568,0,0,0,0,5,48716,139,1540356,171,1995452,145,1674683,142,1786510,143,1834771,158,2437846,0,0,11,42624,14,138324,484,6647571,2225,27964766,1754,26133604,1036,15281287,856,13473885,840,13000661,756,10475695,13,57473,2458,2549,0,0,1166,827,1059,974,NA,0.162454545454545,0.162454545454545,0.162454545454545,0.162454545454545,0.162454545454545,0.162454545454545,0.162454545454545,0.162454545454545,NA,4434774,3664758,0,0,2591151,2458883,3611696,3169368,NA,2397.65469836649,2466.20399070128,2422.73615576992,2938.7343836886,2881.278666213,2397.65469836649,2397.65469836649,2397.65469836649,1803.27122755944,2534.13250678032,3827.18524473026,2046.24189063948,3222.41561755699,1803.27122755944,1803.27122755944,1803.27122755944,0.111596312469675,0.12979465323518,0.173633440514469,0.116218721037998,0.142565498468867,0.111596312469675,0.111596312469675,0.111596312469675
