"id","state","ugenroll_2006","gradenroll_2006","enroll_2006","ugenroll_2007","gradenroll_2007","enroll_2007","ugenroll_2008","gradenroll_2008","enroll_2008","ugenroll_2009","gradenroll_2009","enroll_2009","ugenroll_2010","gradenroll_2010","enroll_2010","ugenroll_2011","gradenroll_2011","enroll_2011","ugenroll_2012","gradenroll_2012","enroll_2012","ugenroll_2015","gradenroll_2015","enroll_2015","white_2006","white_2007","white_2008","white_2009","white_2010","white_2011","white_2012","white_2015","afam_2006","afam_2007","afam_2008","afam_2009","afam_2010","afam_2011","afam_2012","afam_2015","asia_2006","asia_2007","asia_2008","asia_2009","asia_2010","asia_2011","asia_2012","asia_2015","hisp_2006","hisp_2007","hisp_2008","hisp_2009","hisp_2010","hisp_2011","hisp_2012","hisp_2015","amin_2008","amin_2009","amin_2010","amin_2011","amin_2012","amin_2015","nhpi_2008","nhpi_2009","nhpi_2010","nhpi_2011","nhpi_2012","nhpi_2015","twoormore_2008","twoormore_2009","twoormore_2010","twoormore_2011","twoormore_2012","twoormore_2015","unk_2006","unk_2007","unk_2008","unk_2009","unk_2010","unk_2011","unk_2012","unk_2015","nonresident_2006","nonresident_2007","nonresident_2008","nonresident_2009","nonresident_2010","nonresident_2011","nonresident_2012","nonresident_2015","fem_2006","fem_2007","fem_2008","fem_2009","fem_2010","fem_2011","fem_2012","fem_2015","men_2006","men_2007","men_2008","men_2009","men_2010","men_2011","men_2012","men_2015","parttime_2006","parttime_2007","parttime_2008","parttime_2009","parttime_2010","parttime_2011","parttime_2012","parttime_2015","fulltime_2006","fulltime_2007","fulltime_2008","fulltime_2009","fulltime_2010","fulltime_2011","fulltime_2012","fulltime_2015"
"1","AK",25863,2390,30319,26357,2395,30615,26385,2596,31075,27653,2801,33080,29325,2874,34426,29048,2828,34824,27715,2779,33332,28142,2519,32301,0.655628483789043,0.645696553976809,0.0117779565567176,0.601178960096735,0.592052518445361,0.565213645761544,0.546531861274451,0.519519519519519,0.133447673076289,0.136305732484076,0.000386162510056315,0.0265114873035067,0.029512577702899,0.0304387778543533,0.0297011880475219,0.0285749667192966,0.0197895708961377,0.0204148293320268,0.000707964601769912,0.0347944377267231,0.0391564515192006,0.0399437169767976,0.0426917076683067,0.0507414631125971,0.0359510537946502,0.0388371713212478,0.000579243765084473,0.0250906892382104,0.0542613141230465,0.0644383184011027,0.0663626545061802,0.0777994489334696,0.00559935639581657,0.105441354292624,0.109975018881078,0.105645531817138,0.0986439457578303,0.0942076096715272,9.65406275140788e-05,0.00737605804111246,0.00749433567652356,0.00760969446358833,0.00723028921156846,0.00637751153215071,9.65406275140788e-05,0.0464631197097944,0.0511531981641782,0.0551631059039743,0.0648325933037321,0.0712052258444011,0.061347669778027,0.0677119059284664,0.0663234111021722,0.0867291414752116,0.0938825306454424,0.107655639788652,0.12267490699628,0.132906101978267,0.033906131468716,0.0322390984811367,0.0267739340305712,0.0178960096735187,0.0225120548422704,0.0238915690328509,0.0213308532341294,0.0186681526887712,0.0292555823081236,0.0256410256410256,0.603572003218021,0.600544135429262,0.595044443153431,0.597633815759246,0.584483379335173,0.587071607690164,0.597084336554636,0.603593009962437,0.396427996781979,0.399455864570738,0.404955556846569,0.402366184240753,0.415516620664827,0.412928392309836,15677,16262,16349,17128,18404,17706,16631,16138,12576,12490,12632,13326,13795,14170,13863,14523
"2","AL",131125,33395,259887,137268,34171,269306,171200,38692,312542,159138,43787,314095,167783,45391,328704,162682,44322,320339,161413,44352,311828,160611,44846,304476,0.633648470296706,0.631352439232694,0.165609742050668,0.298591190563365,0.58683800623053,0.589257005859418,0.590575573713714,0.602339757484991,0.00719543493903119,0.00766414413343928,0.0897191417473492,0.152141867906207,0.289585767133956,0.291007339100141,0.28204971971728,0.266828912623655,0.00664134797046409,0.00668755987612604,0.00304599061886083,0.00679730654738216,0.014301620911215,0.0148124330787072,0.0155855150916531,0.0182247533467334,0.0153720655515666,0.0166464913518451,0.00462337861791375,0.0096690491730209,0.0211923189252336,0.023106771264192,0.0246001000551586,0.031352224805896,0.00170217122818693,0.00405609767745427,0.00768776771806854,0.00718613718591867,0.00722834383057326,0.00670003547077602,0.000403145817202168,0.000474378770754071,0.000745351440809969,0.000924021115131158,0.000875482637864464,0.000952456022806395,0.00132142240082933,0.00317738263901049,0.00637655763239875,0.00938068733435517,0.0108200674730941,0.0187568149870597,0.0234294135528133,0.0253763376976376,0.0768184755968798,0.0426622518664735,0.0541368526090343,0.0448181457768177,0.0475967520556204,0.0279168144615668,0.282707484406684,0.28112630242178,0.0187366817899674,0.0201181171301676,0.0191357573987539,0.0195074592853196,0.020668445425042,0.026928230796516,0.0232139352872595,0.0233897499498712,0.575231488887893,0.58042948789379,0.581787869937695,0.58139658299489,0.57668650666393,0.569072767640142,0.587551512772859,0.588516408843472,0.424768511112107,0.41957051210621,0.418212130062305,0.41860341700511,0.42331349333607,0.430927232359858,48328,50375,63163,59470,61251,53740,56902,50153,120685,125635,150936,143455,151923,153264,148863,155304
"3","AR",69825,13121,149652,71569,13521,154493,72880,14336,160337,75542,17048,170112,78329,18612,178574,80789,19248,182400,81973,18844,179831,90421,19763,171577,0.729920081255179,0.726421261804742,0.0488783000804555,0.602056292325056,0.696299573286145,0.688075657894737,0.685949586000189,0.674630049482157,0.0108986181273889,0.0111720272115889,0.00786468500720358,0.137291901805869,0.190498056827982,0.192253289473684,0.185691009892621,0.169661434807696,0.0065418437441531,0.00710064533668192,0.000411632997997967,0.0113983728367193,0.015041383404079,0.0148629385964912,0.0153310608293342,0.0158937386712671,0.0214631277898057,0.0244477096049659,0.00120995153956978,0.0251598946576373,0.0347866990715334,0.038218201754386,0.0426900812429448,0.0569598489308007,0.000455291043240175,0.00877069224981189,0.00931826581697224,0.00964364035087719,0.00868037212716384,0.00818874324647243,1.24737272120596e-05,0.00210449586155004,0.000985585807564371,0.00115679824561404,0.000995378994722823,0.0010782330965106,0.000392922407179877,0.00949374529721595,0.0147109881617705,0.0164802631578947,0.0221430120502027,0.0300681326751255,0.0190575468420068,0.0162661091441036,0.0187979069085738,0.02824609668924,0.0137142025154838,0.013218201754386,0.0114273957215386,0.00968078472056278,0.184915671023441,0.185891917433152,0.0227707890256148,0.0236256113619263,0.0246452451084704,0.0260910087719298,0.0270921031412826,0.0338390343694085,0.0192179189051934,0.0204410555818063,0.599774225537462,0.593473711437171,0.594414640429178,0.59594298245614,0.59304013212405,0.58293360998269,0.602698259963114,0.600875120555624,0.400225774462538,0.406526288562829,0.405585359570822,0.40405701754386,0.40695986787595,0.41706639001731,21631,23029,24241,25710,27849,29153,29230,33188,63281,64049,64936,66880,69092,70884,71587,76996
"4","AZ",109607,34816,389582,116266,40801,394691,114216,50087,402992,129640,58974,453659,141018,60089,484251,149430,58783,486659,148308,55949,478818,183295,68569,659126,0.561268231078438,0.571533174052613,0.0907611069202366,0.197077540619717,0.510518305589457,0.512523142487861,0.509690529595796,0.42724152893377,0.0367727461741046,0.0369630926471594,0.00604230356930162,0.0193427221767892,0.0705460597913066,0.0809540150290039,0.0860890776871379,0.106419713378019,0.0157887171378554,0.0169778383596282,0.00575197522531465,0.0090596681648551,0.0314052010217842,0.0333683338847119,0.0346624395908257,0.0308635981587739,0.171281014009888,0.167916167330899,0.0206679040775003,0.0613676792480696,0.189030069117049,0.200756587261306,0.210213484037776,0.195819919104997,0.00574453090880216,0.0151303071249551,0.0333463431154505,0.0332429894443543,0.0315756717583717,0.0210809465868438,0.000387104458649303,0.00075166589883591,0.0023087200645946,0.00288292212822531,0.00336662364405682,0.00405233597218134,0.002779211497995,0.00490897348008085,0.015202859674012,0.0202174417816171,0.0231779089340835,0.0397708480624342,0.13152301697717,0.113681335525766,0.125893317981498,0.148369149515385,0.125073567220305,0.0920130933569501,0.0758263056109002,0.144004333010684,0.0402662340662556,0.0466795543855826,0.0249409417556676,0.0222105149462482,0.0225688744060415,0.0240414746259701,0.0253979591410515,0.0307467767922977,0.0245083191728571,0.0264612063614321,0.568594413784889,0.572509307651783,0.572306510466679,0.573750819362223,0.575135019986717,0.605809814815377,0.570421631389541,0.567302016007459,0.431405586215111,0.427490692348218,0.427693489533321,0.426249180637777,0.424864980013283,0.394190185184623,49563,59552,55026,63209,78018,72553,76908,98230,97784,100460,109807,125405,123089,135660,127349,153634
"5","CA",645151,203385,2447302,675394,213475,2552233,700894,217696,2690764,730559,239491,2813551,747509,239616,2818590,787184,237273,2791101,810311,234424,2726776,837321,237901,2740921,0.377448308382047,0.369878455454498,0.00879044018724793,0.215992175013,0.341259991697977,0.330510791261226,0.321859588026299,0.283205170816671,0.00823110511085269,0.00817558584972453,0.00215403506216078,0.0529338192199111,0.0742793382506856,0.0755777021325993,0.0745396761596846,0.0655414731033839,0.0772348488253595,0.0771790820038766,0.00264683190350399,0.0813598189618742,0.145159813949528,0.143981532735648,0.143469063832159,0.14146011504892,0.245044134316075,0.249619450888692,0.00584815316393411,0.186446238223512,0.284983626565056,0.305368741582623,0.321713261375339,0.368594352044441,0.000165380538761482,0.0050114606061877,0.00602641746405117,0.0053591754651659,0.00479100593521433,0.00410664882351589,0.000213693954579443,0.0046418209586391,0.0059771020261904,0.00596502957076795,0.00572470932705877,0.00486004521837733,0.000325186452620891,0.0078630172333823,0.0224548444434983,0.0303783345711961,0.0354741276877895,0.0425634303214139,0.101307480646034,0.103383586059737,0.107917305270919,0.130293710688024,0.0877963804597334,0.0687621121557407,0.0554119590314716,0.0386618220663784,0.0684819446067547,0.0693522103977184,0.0324655005046894,0.0318487207091679,0.0320624851432809,0.034096580525033,0.0370166086249842,0.0510069425568997,0.029837756026841,0.0309881582128277,0.556179211554785,0.554540863129902,0.551511571388531,0.55405841637404,0.552043878925148,0.547619212666107,0.559956637962949,0.558142614722088,0.443820788445215,0.445459136870098,0.448488428611469,0.44594158362596,0.447956121074852,0.452380787333893,187361,192289,181743,181853,169520,169659,166472,169456,682529,718230,754016,788197,817605,854798,878263,905766
"6","CO",115544,43416,312955,116313,39079,317580,119801,43483,330807,117576,48994,357825,150312,51832,378583,173432,53064,374437,175749,53759,371738,185141,54872,361588,0.693029349267467,0.690374078972227,0.00876644085524188,0.0498791308600573,0.623929230842378,0.617238681006418,0.613789819711732,0.60535747867739,0.013605789969804,0.0138484791233705,0.00141774509003739,0.00701739677216516,0.0750931763972497,0.0726290403993195,0.0685536587596641,0.0678036881754926,0.0170567653496509,0.0176963284841615,0.000299268153334119,0.0024984280025152,0.0316495986349096,0.0315139796547884,0.0302767002566324,0.0336156067126121,0.108689747727309,0.109134706215757,0.00298058989078224,0.0121623698735415,0.120861211412029,0.125436321731026,0.13453561379251,0.14824883569145,0.000145099710707452,0.000869139942709425,0.0111573948117058,0.010639974147854,0.00992903604151311,0.00934488976404084,2.72061957576472e-05,0.000170474393907636,0.00257011012116233,0.00260658001212487,0.00237801892730902,0.00259687821498501,8.46414979126802e-05,0.00100048906588416,0.0168074107923494,0.0232428953335274,0.029811318724478,0.0378635352943129,0.077563867009634,0.0746142704200516,0.0809505240215594,0.0932103681967442,0.0970011860014845,0.0943309555412526,0.0865259941141341,0.0635198070732436,0.0526848907989967,0.058873354745261,0.0212147868696853,0.0201998183469573,0.0209306809867321,0.0223615721736901,0.0241998396720271,0.0316492803964733,0.016769184067997,0.0150135398954594,0.557037789405907,0.560701460210997,0.558915746348885,0.556803948327756,0.551178518203681,0.548259344889764,0.558182486299947,0.551889287738523,0.442962210594093,0.439298539789003,0.441084253651115,0.443196051672244,0.448821481796319,0.451740655110236,53830,49804,52053,51739,66982,71522,77060,83086,108977,109474,113370,114831,135162,154974,152448,156927
"7","CT",85977,29747,185633,85773,29899,187606,88092,30632,195240,89713,34811,205623,92368,35496,214189,94562,35389,215569,95480,34349,214882,98279,36349,210386,0.654032418804846,0.644393036470049,0.00515263265724237,0.02163668461213,0.578124927050409,0.576052215299974,0.575883508157966,0.550839884783208,0.00359849811186589,0.00347536859162287,0.00190022536365499,0.00694961166795543,0.107377129544468,0.109398846772959,0.117985685166743,0.122817107602217,0.017970942666444,0.01797916910973,0.000189510346240524,0.000530096341362591,0.0380411692477205,0.0393609470749505,0.0410969741532562,0.0467996919947145,0.081170912499394,0.0847947293796574,0.00215119852489244,0.00737271608720814,0.104963373469226,0.112094039495475,0.121285170465651,0.136030914604584,2.04876049989756e-05,0.000213983844219761,0.00263785721955843,0.00274622046769248,0.0027363855511397,0.00233855864933978,4.09752099979512e-05,1.45898075604383e-05,0.000863723160386388,0.00100199935983374,0.00126115728632459,0.00110273497285941,6.14628149969269e-05,0.000505779995428527,0.0161959764507048,0.0171777945808535,0.0190476633687326,0.0246736950177293,0.0834657630916917,0.0836647015553874,0.0939254251178037,0.120200561221264,0.115253351012424,0.105752682435786,0.0822916763619103,0.0608453033947126,0.10014383218501,0.101947698900888,0.0412364269616882,0.038205842731601,0.0365424928451041,0.0364152545124763,0.0384117794882773,0.0545521089806356,0.0377034255762715,0.0414538980629617,0.572300758041385,0.570631690034675,0.572204921821382,0.573932244432177,0.574063904840796,0.566606142994306,0.577968356919298,0.571927337078771,0.427699241958615,0.429368309965325,0.427795078178618,0.426067755567823,0.425936095159204,0.433393857005694,27601,25994,26586,26958,27952,28413,28768,28688,90930,92511,93714,97566,99912,101538,101061,105940
"8","DC",63412,33646,107705,66425,36612,113853,74860,40560,124962,82413,51547,136420,49236,39834,91858,47593,39870,90392,46818,40468,90626,49356,41875,95086,0.403806694211039,0.397011936444362,0.0011203405835374,0.050974930362117,0.408750462670644,0.411574033100274,0.41931675236687,0.400111478030415,0.00362100181050091,0.0038821989758724,0.00244874441830316,0.020840052778185,0.265268131246054,0.259823878219311,0.252554454571536,0.256599289064636,0.023898611949306,0.0237323566353104,8.00243273955282e-05,0.00561501246151591,0.0569248187419713,0.0558124612797593,0.0587359036038223,0.061260332751404,0.0415393900004642,0.042159626887302,0.000432131367935853,0.00645066705761619,0.0505562934093928,0.0550933710947872,0.0611965661068568,0.0715247249858023,0,0.000535112153643161,0.00306995580134556,0.00272147977697141,0.00423719462405932,0.00308142102938393,0,9.529394516933e-05,0.00109952317707766,0.00115054429595539,0.00178756648202503,0.00151441852638664,0,0.00263157894736842,0.0102331860044852,0.0161408089211435,0.0189570321982654,0.0263130218959679,0.137932315120004,0.139038936172082,0.148461132184184,0.151363436446269,0.132225826819656,0.113848570669971,0.093427934588308,0.0725133037460825,0.298723364746298,0.30606132469061,0.0465901634096765,0.0452059815276352,0.0718718021293736,0.0838348526418267,0.089786595458257,0.107082009969922,0.0610370920570076,0.0592606255434639,0.610441574238568,0.618479695059376,0.589529491171155,0.583879104345517,0.588153510030234,0.596291777969417,0.598644445476069,0.604112320272632,0.389558425761431,0.381520304940625,0.410470508828845,0.416120895654483,0.411846489969766,0.403708222030583,43165,48767,58480,67777,28905,26261,26448,29517,63161,63329,64609,66183,60165,61202,60838,61714
"9","DE",28268,7765,51780,28084,8120,53174,28438,9512,54263,29698,9569,56801,30624,9410,58142,31623,9574,59038,32617,10312,60560,34357,12411,61768,0.629490150637312,0.618290894045962,0.00744522050015664,0.188535413108924,0.574730831412748,0.533893424574003,0.559461690885073,0.539405517420023,0.00339899575125531,0.00308421408959266,0.00674492748281518,0.0741712293797644,0.202899797048605,0.194230834377858,0.206423381770145,0.205559513016449,0.0130552336809579,0.0129762665964569,0.000276431454213737,0.00845055544796747,0.0317498538061986,0.0295233578373251,0.0330581241743725,0.030517420023313,0.0343955195056006,0.0373866927445744,0.00136372850745443,0.0173412439921832,0.0482095559148292,0.0487482638300755,0.0548051519154557,0.0612614946250486,1.84287636142491e-05,0.0010915300786958,0.00304427092291287,0.00245604525898574,0.00275759577278732,0.00446833311747183,1.84287636142491e-05,0.000299290505448848,0.00120394895256441,0.001253429994241,0.001221928665786,0.00148944437249061,0.000368575272284982,0.00450696290558265,0.0134498297272196,0.0161421457366442,0.0201783355350066,0.0232159046755602,0.10063731170336,0.106856734494302,0.114055618008588,0.106160102815091,0.0896425991537959,0.131135878586673,0.0737120211360634,0.0458489832923197,0.176129779837775,0.175499304171211,0.031070895453624,0.0316719776060281,0.0350693130611262,0.0426166198041939,0.0483817701453104,0.0882333894573242,0.0274623406720742,0.0283973370444202,0.610489652249231,0.60530624460837,0.604382374187334,0.604559775060131,0.605284015852048,0.601848853775418,0.610196987253766,0.611765148380788,0.389510347750769,0.39469375539163,0.395617625812666,0.395440224939869,0.394715984147952,0.398151146224582,9692,9728,9492,9938,10040,10467,11895,14111,27326,27410,28458,29329,29994,30730,31034,32657
"10","FL",341199,90343,915247,346159,94210,947971,373520,101168,1006145,385975,118970,1091005,409697,122321,1159382,419868,122652,1179523,431488,122434,1193535,405978,122078,1136653,0.533062659588068,0.526779827652956,0.0199494108702026,0.0553187198958758,0.478630856784045,0.462140204133366,0.446360601071607,0.431911937944122,0.00399017970012467,0.00400012236661248,0.0135835292129862,0.0435185906572381,0.185852462777583,0.186437229286754,0.185805192139317,0.176621185181405,0.0152843986377448,0.0158179944323191,0.000912393342907831,0.00207698406515094,0.0301557208926825,0.0291804398896842,0.0283837507907183,0.0311792605131029,0.184291235043655,0.189991044029828,0.015036600092432,0.0314746495203963,0.209253723104206,0.216734222223729,0.221930651384333,0.244190619300701,0.000185857903184929,0.00062694488109587,0.00397970642980484,0.00373032149436679,0.0036697708906735,0.00325341155128258,3.27984535032227e-05,0.000252061172955211,0.00143610992753036,0.00171001328503132,0.00194045419698626,0.00225750514888889,0.000399544797221076,0.00160952516257946,0.0127110822834924,0.0146203168568989,0.0205465277515951,0.0269185054717667,0.0456434164766451,0.0452207926191835,0.0512103126288954,0.0531326620867915,0.0521648602445096,0.0591942675132236,0.0646332114265606,0.0446064014259409,0.170304846669806,0.169892327929863,0.0292254098564322,0.0271886929940743,0.0258154775561463,0.0262529853169459,0.0267298403482093,0.0390611734627894,0.0296215120071412,0.029984039596148,0.582579051727137,0.581774602316213,0.581117353900613,0.579971734336677,0.580684269837081,0.572068168561558,0.584114452164279,0.577362598644895,0.417420948272863,0.418225397683787,0.418882646099387,0.420028265663323,0.419315730162919,0.427931831438442,139605,139518,159673,159166,171499,168101,169899,156966,307094,316903,327869,345779,360519,374419,384023,371090
"11","GA",181673,42819,375043,189106,45397,388839,197158,50052,413344,212728,58684,468687,229712,61428,504371,216684,61239,504869,216189,60106,488236,243232,68834,538624,0.572411696792101,0.544268964790054,0.0141915692498258,0.455858600729271,0.485749577196151,0.483285763237592,0.482782916458434,0.474343883673954,0.00292766429449423,0.00288294126875133,0.0265614113184176,0.277931754027741,0.334832890868032,0.332452576807053,0.329588559630998,0.318515327946768,0.0199897078468336,0.0205714961719375,0.000563695130448247,0.033207663109922,0.0392151808886712,0.0397687320869374,0.0428112634054023,0.046928840898289,0.0274288548246468,0.0295675073745175,0.000914492529225052,0.0299005519675178,0.0380632510592401,0.0467705483996839,0.0504551077757478,0.0648504336977186,9.4352403808934e-05,0.00275877077879267,0.00327140140888354,0.00333948014237357,0.00293095961788971,0.00283128861692015,1.93543392428582e-05,0.000964396281526904,0.00131649123363556,0.00153703237869626,0.00147469666308916,0.00132560004752852,0.000278218626616087,0.0108494581671777,0.0155322173558749,0.0180007090948345,0.0191300928239622,0.0247482473859316,0.0277888135493797,0.0478218491457904,0.0543760161028103,0.0643094431891646,0.0544123274335757,0.0454573364575761,0.0384752455779582,0.027553543845057,0.294478233162597,0.300016202078495,0.0352757025625145,0.0324374262567556,0.027606662555936,0.029387821395253,0.0323511580465185,0.0389028338878327,0.0339214436744587,0.0331705410208338,0.597901505767593,0.599948366393777,0.606008275654231,0.605370898193393,0.599271663703619,0.592689891278517,0.595955663750557,0.594955752895157,0.402098494232407,0.400051633606223,0.393991724345769,0.394629101806607,0.400728336296381,0.407310108721483,53384,55792,57425,60972,71597,64660,64773,77237,177934,185774,195103,210440,219543,213263,211522,234829
"12","HI",26289,8238,66821,25824,8187,66867,26294,8360,70353,26249,9348,75190,26668,9511,79176,27056,9123,79771,26824,8880,79312,23373,7693,69696,0.250594872869308,0.242615939102996,0.00127926314442881,0.0299241920468147,0.197256744468021,0.193729550839277,0.186466108533387,0.170253673094582,0.00559704284581195,0.00580256329729164,0.000611203502338209,0.00621093230482777,0.0214837829645347,0.023391959484023,0.0206904377647771,0.0210915977961433,0.234447254605588,0.240821331897648,0.00844313675323014,0.0261470940284612,0.304953521269071,0.306025999423349,0.304695380270325,0.303145087235996,0.0296762993669655,0.0297157043085528,0.000170568419257175,0.0139380236733608,0.0743533393957765,0.0899825751212847,0.0934915271333468,0.105501033057851,1.42140349380979e-05,0.000877776300039899,0.00415529958573305,0.00358526281480739,0.003353843050232,0.00259699265381084,0.00719230167867753,0.0123686660460168,0.10376881883399,0.0957866893984029,0.087805124066976,0.0702479338842975,4.26421048142936e-05,0.0169304428780423,0.19598110538547,0.210490027704304,0.21874369578374,0.24853650137741,0.0218344532407477,0.0200397804597185,0.0255852628885762,0.0259608990557255,0.0370187935738102,0.0214990410048765,0.0247881783336696,0.0200585399449036,0.0199787491956122,0.0190976116769109,0.0728185009878754,0.0655539300438888,0.061028594523593,0.0555088942096752,0.0599657050635465,0.0585686409550046,0.0904955029107616,0.083613740709169,0.586968572768752,0.582018885490092,0.580340002020814,0.579458700530268,0.576797962477305,0.581525482093664,0.587210607443768,0.587389893370422,0.413031427231248,0.417981114509908,0.419659997979186,0.420541299469732,0.423202037522695,0.418474517906336,10704,10772,11705,11082,11239,11199,10444,8193,24464,23970,23675,24515,24940,24980,25260,22873
"13","IA",103056,18118,236471,111117,19458,247597,125153,22100,263066,153655,29831,305851,158783,35005,320918,139699,34486,299646,130308,35444,285394,132831,36375,276801,0.733358424500256,0.706046519141993,0.0683554697300297,0.34598546351001,0.582254656952866,0.652887073413294,0.703203290889087,0.693751106390512,0.00408929636192176,0.00394996708360764,0.00296883671778185,0.0187607691326823,0.0403467552458884,0.0645495017453929,0.0768586585562415,0.0923009671207835,0.00911316821090113,0.00888944534869162,0.00118221282871979,0.00824584519913291,0.0150349933627905,0.0184484358209354,0.0197936887250608,0.0233741930123085,0.0235081680206029,0.0237846177457724,0.00276736636433443,0.0141702986094536,0.0256669928143638,0.0390093643833056,0.0470682635234097,0.0636847410233344,0.000258490264800468,0.00190615691954579,0.003798478115905,0.00519279416377993,0.00597069314701781,0.00513365197380067,7.6026548470726e-05,0.000215791349382542,0.000710461862531862,0.00157519205996409,0.0017239325283643,0.00217484763422097,0.000315510176153513,0.00270720056498099,0.00683040527486772,0.00892052622094071,0.0117101270524258,0.0195555651894321,0.157152462669841,0.184933581586207,0.216846722875628,0.297916305652099,0.295552134813254,0.175336897539096,0.095180697561967,0.0523444640734679,0.0328919825263986,0.0327629171597394,0.0311898915101153,0.0295634148654083,0.0298051215575318,0.0340802146532909,0.0384906480164264,0.0476804635821402,0.0297668635900385,0.0297257236557793,0.586636053309816,0.592487845388768,0.593562841598165,0.585721150958131,0.579139715621211,0.568187976199508,0.574708949511779,0.579259845636256,0.413363946690184,0.407512154611232,0.406437158401835,0.414278849041869,0.420860284378789,0.431812023800492,39784,47536,62265,83275,84716,66101,59160,58699,87037,88763,91149,100211,109072,108084,106592,110507
"14","ID",38825,6418,78456,39805,6683,79446,39772,6826,81342,39795,7732,89482,39917,8146,93145,40054,7810,100081,43979,8103,110076,41948,7860,122778,0.819185275823391,0.816982604536415,0.00441346413906715,0.0567264924789343,0.781426807665468,0.78753209899981,0.775518732512083,0.658872110638714,0.0113566840012236,0.0119074591546459,4.91750879004696e-05,0.000871683690574641,0.0106715336303613,0.0109511295850361,0.0111922671608707,0.0101239635765365,0.00785153461812991,0.00825718097827455,6.1468859875587e-05,0.00107284146532263,0.0163508508239841,0.0158471637973242,0.0152530978596606,0.0126977145742723,0.0461150198837565,0.0490144248923797,0.000590101054805636,0.00616883842560515,0.0637822749476622,0.0727310878188667,0.0849958210690795,0.0772451090586261,4.91750879004696e-05,0.00173219194921884,0.0125610607117934,0.0126097860732806,0.0111286747338203,0.00763980517682321,1.22937719751174e-05,0.0003799646856351,0.00575446883890708,0.00789360617899501,0.00682255895926451,0.00420270732541661,4.91750879004696e-05,0.000603473324243982,0.00826668098126577,0.0127396808585046,0.0139812493186526,0.0301682711886494,0.0688028958906903,0.0679203484127583,0.0630916377763025,0.0722826937261125,0.0820978044983628,0.0570038269002108,0.0509193648025001,0.121585300298099,0.00796624859794025,0.00871031895878962,0.026284084482801,0.0222391095415838,0.0190885179021955,0.0226916197879717,0.0301882335840692,0.0774650181628631,0.0285255429795044,0.0260806082118672,0.560276363994001,0.561453700185512,0.562327553813946,0.560555949680759,0.564491805661543,0.56635553600808,0.56076017130621,0.563540014601113,0.439723636005999,0.438546299814488,0.437672446186054,0.439444050319241,0.435508194338457,0.43364446399192,14371,15601,14784,13371,12673,12466,17534,17286,31447,31459,32383,34156,35390,35398,34548,32522
"15","IL",265148,110854,827363,269041,113707,826274,271216,116768,848179,297609,134536,892346,294086,135604,889568,292688,133671,874332,294886,130991,854810,307784,139099,817042,0.617238140936929,0.610748976731689,0.0237732837054443,0.0640625945541304,0.570732085686535,0.561244470064003,0.551046431370714,0.516929362260447,0.00333227374199716,0.00318659427744308,0.0047207016443463,0.0179784523043752,0.144209324076406,0.147231257691586,0.144069442332214,0.131355548429579,0.0252513104888664,0.0257118098838884,0.00240043670027199,0.00455989044608257,0.0512540918738084,0.0520488784580686,0.0536914636000983,0.0595257036969948,0.114218305628847,0.11476338357494,0.00387771920785589,0.0132269321541196,0.122889987049894,0.133387546149518,0.140156292041506,0.161859488251522,0.000101393691661784,0.000295849367846105,0.00291714630022663,0.0028295887603336,0.00271288356476878,0.00238298643154207,0.000124973619955222,0.000220766384339707,0.00204481276304903,0.00210560748091114,0.00223324481463717,0.00162904722156266,0.000290033118009288,0.00119908645301262,0.012346442318069,0.0156359369209865,0.0175840245200688,0.0223183141135951,0.0450733233175764,0.0496046105771209,0.0535936400217407,0.0654947744484763,0.0594906741249685,0.049587570854092,0.0510405821176636,0.0505604363056,0.1344282980989,0.134983068570474,0.0334669922268766,0.0330858209707894,0.0341154358070434,0.0359291436205011,0.037465635638329,0.0534391132891577,0.0322579085600879,0.0322967925893832,0.572468783122431,0.570760669067828,0.570074463110184,0.569887639935402,0.572778746154116,0.568497090724834,0.573891991785951,0.573281986362877,0.427531216877569,0.429239330932172,0.429925536889816,0.430112360064598,0.427221253845884,0.431502909275166,98714,97987,99923,101068,103401,106189,111978,128252,292262,298254,301769,331077,326289,320170,313899,318631
"16","IN",217318,42497,311526,221591,43757,320950,225958,45932,333147,240672,53099,359393,247168,53991,376937,249303,54264,376861,248112,53406,454742,250534,56305,434117,0.784981028870784,0.771914628446799,0.0454273939131975,0.0994899733717685,0.716016204299392,0.712841074029947,0.711381398683209,0.686241266755276,0.00368508567503194,0.0036734693877551,0.00706294818803711,0.0224239203323381,0.101852564221607,0.100992142991713,0.101505908845015,0.0950757514679222,0.0123135789629116,0.0124474217167783,0.000423236589253393,0.001452448990381,0.0227279359680795,0.0227670148940856,0.0207546256998474,0.0257902823432393,0.0300328062505216,0.0311294594173547,0.00103557888859873,0.0040067558355338,0.0388924409118765,0.0420287586139187,0.0457160323875956,0.0508987208517519,0.000171095642464137,0.000528669172744043,0.00332681588700499,0.00287108509503504,0.00292033724617475,0.00242791689797912,3.90218131935752e-05,0.000180860506465067,0.000705688218455604,0.000721751521117866,0.000675108083264796,0.000891464743375634,0.000183102354216007,0.000979429204241596,0.0111716281500622,0.0155839951600192,0.0182740982799038,0.0262809334810662,0.0327067403683802,0.0396167627356286,0.0446709710728297,0.0555937372180315,0.0562481263447207,0.0468634324061126,0.0492938853239859,0.0497515646703538,0.0833220983160314,0.0860570182271382,0.0459046607053343,0.0458912666635132,0.0490585959988009,0.0553307452880505,0.049478605451003,0.0626420987890361,0.0419451345955073,0.0438105623928961,0.543862018868548,0.544520900518374,0.548370152041323,0.554225563271339,0.565267778212701,0.556045950745997,0.546362101397636,0.544751518928182,0.456137981131452,0.455479099481626,0.451629847958677,0.445774436728661,0.434732221787299,0.443954049254003,62169,62864,64027,68686,70379,72984,74276,79558,203692,208629,213308,225085,230780,230583,227242,227281
"17","KS",87134,21512,201652,87059,23320,197549,89245,24628,201967,97304,27825,222547,99672,27573,228203,101530,27846,229945,102121,27476,230372,103159,28158,222876,0.716759565984964,0.735569403034184,0.0883114568221541,0.161498469986115,0.694684118964256,0.686338037356759,0.68324709600125,0.647238823381611,0.0147878523396743,0.0153531528886504,0.00736754024172266,0.019200438559046,0.0768526268278682,0.0822327078214356,0.0840249683121213,0.0803899926416483,0.0101759466804197,0.0111263534616728,0.00449083266078122,0.00573811374675911,0.022133801921973,0.0236012959620779,0.0237572274408348,0.0255343778603349,0.043094043203142,0.0456646199170839,0.00639708467224844,0.0127568558551677,0.0603629224856816,0.06555045771815,0.0710720052784193,0.0840108401084011,0.00121306946184278,0.00758940808009095,0.0141453004561728,0.0134988801669965,0.0132264337679926,0.0122175559503939,5.94156471106666e-05,0.000404408956310352,0.00115248265798434,0.00144382352301637,0.00167989165349956,0.0016690895385775,0.000915991226289443,0.0027499809029104,0.0139656358593007,0.0186174954880515,0.023132151476742,0.0323498268095264,0.10590026382084,0.074067699659325,0.0636688171830051,0.0834115939554341,0.0625977747882368,0.0532518645763117,0.0433082145399615,0.0570496599005725,0.0554222125245472,0.058790477299303,0.0517262721137612,0.0521283144684044,0.0541053360385271,0.0554654373872013,0.0565520115291789,0.0595398338089341,0.0416658401602761,0.0464593594500605,0.55518970920992,0.545673498182406,0.545093622783224,0.547117789036509,0.546147101210216,0.543674509592778,0.543262650506814,0.559294149805871,0.44481029079008,0.454326501817594,0.454906377216776,0.452882210963491,0.453852898789783,0.456325490407222,32389,34893,34612,38423,38352,40215,38348,37867,77963,77943,80778,86706,88893,89161,91249,93450
"18","KY",114049,24529,252813,115419,24927,262133,117436,25854,261532,122057,32496,282001,124854,33432,292920,128033,35019,296330,128825,35267,284851,128680,35151,262707,0.813807043150471,0.810340552315046,0.0282948166954713,0.0524288920961273,0.80613478082753,0.798673775857996,0.789704090910687,0.772857213549696,0.00293497565394185,0.00305188587472771,0.00829726381475307,0.0168226353807256,0.0997405434931039,0.0990314851685621,0.0965768068218121,0.0874967168746931,0.00592532820701467,0.00575280487386174,0.000386186011654406,0.000751770383792965,0.0124948791478902,0.0132959875814126,0.0142214701721251,0.0160635232407207,0.0115104840336533,0.0124211755101418,0.000703546793509016,0.00104609558122134,0.0182916837361737,0.0200722167853407,0.0228259686643192,0.0303151419642415,8.7943349188627e-05,0.000269502590416346,0.00309299467431381,0.00274356291971788,0.00288922980786446,0.00263030676761563,0,6.02834741720774e-05,0.000850061450225317,0.000961765599163095,0.00107073522648683,0.00118763489362674,0.000267653671443647,0.00195389378051851,0.0116653011061041,0.0149799210339824,0.017233571235488,0.0251763371360489,0.0574495773555948,0.0592981425459595,0.0490035636174541,0.0463686298984755,0.0328178342209477,0.0338473998582661,0.0352184124331668,0.0371554621688802,0.083896002183432,0.086253924534492,0.016089809277641,0.0149254789876632,0.0149119213437116,0.016393885195559,0.0202597147280508,0.0271176634044772,0.0176770973011673,0.0163733677179142,0.569865255494547,0.570654004773033,0.570066912467568,0.571305638983566,0.574061526903539,0.574031144963781,0.570734099907837,0.565850160033266,0.430134744505452,0.429345995226967,0.429933087532432,0.428694361016434,0.425938473096461,0.425968855036219,38812,38270,38635,39937,40956,44068,44159,43743,104587,107070,109819,114616,117330,118984,119933,120088
"19","LA",134939,23663,218606,131577,23231,219313,134666,26066,228740,136302,32694,239966,137155,33836,259436,138284,32953,263914,136906,31968,259152,134540,31576,255904,0.609754535557121,0.604159352158787,0.0631328145492699,0.249756215463857,0.562242711111796,0.538925559083641,0.545363338889918,0.529202357133925,0.00595592069751059,0.00682586075608833,0.0614540526361808,0.122759057533151,0.291289566598313,0.290443098888274,0.299465178736803,0.299553738902088,0.010182703128002,0.0106605627573377,0.00441112179767422,0.0122809064617487,0.0216007030635687,0.0214312238077556,0.0230714021115021,0.0236807552832312,0.025086228191358,0.0253154167787591,0.00610299903820932,0.0168607219356075,0.0306395411585131,0.033154739801602,0.0409450824226709,0.0476116043516319,0.000629535717408411,0.00275038963853213,0.00608242495258946,0.00599816606924983,0.00555658455269494,0.00602569713642616,9.180729212206e-05,0.000200028337347791,0.000520359549175905,0.000852550452041195,0.000910662468358338,0.00105508315618357,0.000323511410334878,0.00280873123692523,0.00891163909403475,0.0112233530619823,0.0152921837377292,0.0226061335500813,0.035977969497635,0.0355701668391751,0.0408935909766547,0.0449105289916071,0.0520976271604558,0.0719514690391567,0.0432603259862938,0.0406519632362136,0.27531266296442,0.27852886057826,0.0293652181516132,0.0300375886583933,0.0266154273115528,0.0260198397962973,0.0261352410940298,0.0296126672502188,0.0261566471185603,0.0267106829052541,0.598430532482294,0.5973137861197,0.595383832621533,0.596269997044492,0.598035129962339,0.595973490058772,0.599498641391362,0.60104052199368,0.401569467517706,0.4026862138803,0.404616167378467,0.403730002955508,0.401964870037661,0.404026509941228,36245,35721,38517,38871,41523,41497,41407,41825,128784,125487,127227,130125,129468,129740,127467,124291
"20","MA",217097,94989,459531,221664,99356,470622,223717,110095,486211,229916,120829,509609,238287,123189,521319,237906,124763,519896,247356,125245,526950,256798,128525,518879,0.610787955545981,0.606270000127491,0.0317578170794161,0.151149214397705,0.586895931281998,0.578584947758783,0.571361609260841,0.541640729341523,0.00366025360639435,0.00368873533323984,0.00439726785284578,0.0210043386203933,0.0760436508164866,0.0764287472879191,0.0780965936047063,0.0823987866149912,0.026194097895463,0.0268559480857248,0.00458237267359233,0.0188340472793848,0.0624550419225081,0.0627394709711173,0.0645526141000095,0.0694535720273898,0.0565250222509472,0.05956585115018,0.00275600510889305,0.0235042944688967,0.0759899408999097,0.0842091495222121,0.0876022393016415,0.100169789103047,0.000164537618441376,0.000888916796995344,0.00308256556925798,0.0027813254958684,0.00236644842964228,0.00207755565363023,6.37583271460333e-05,0.000233512359475598,0.000849767608700239,0.000842476187545201,0.000929879495208274,0.000778601562213927,0.000370209641493097,0.00357725236406735,0.0137689207567727,0.0207945435240894,0.0228864218616567,0.027258763603846,0.140293037901687,0.138633553042569,0.137473236928,0.14288012966804,0.112301680928568,0.0980676904611692,0.0900389031217383,0.0703381713270338,0.0684698094361425,0.0693911461852612,0.062643584781093,0.0644808078350265,0.0686125002157988,0.0755516487912967,0.0821652908245564,0.105884030766325,0.0590275737654261,0.0600524412373412,0.575293442558889,0.572578192300371,0.570773365252369,0.570739147829566,0.5688926843154,0.567531158516726,0.578618199860292,0.57506873881799,0.424706557441111,0.427421807699629,0.429226634747631,0.429260852170434,0.4311073156846,0.432468841483275,82398,84501,86595,88823,88701,89439,91044,92070,242164,249187,252622,261922,272775,273230,281557,293253
"21","MD",132391,57732,328625,134013,59402,335970,137249,61416,348980,140884,68265,368016,149110,71460,388333,152731,71573,392054,152104,70810,384997,160500,69080,373696,0.529488018257893,0.514135190642022,0.0131870021204654,0.016480261727751,0.489422737701921,0.482716666581644,0.48007906555116,0.449881722041445,0.00405933815138836,0.00406286275560318,0.00269069860737005,0.0126434720229555,0.286305825155215,0.290875746708362,0.281085307158238,0.270709346634698,0.0295290985165462,0.0302616305027235,0.000461344489655568,0.000801595582800748,0.0605768760316532,0.0604687109428803,0.0613719067940789,0.066982252954273,0.039467478128566,0.0403458642140667,0.00149005673677575,0.00268738315725403,0.0548704333651789,0.0570100037239768,0.0630316599869609,0.0792435562596335,6.87718493896498e-05,9.51045606712752e-05,0.00350472403838973,0.00313987358884235,0.00300521822247966,0.00320581435177256,6.87718493896498e-05,5.97800095648015e-05,0.00155794125145172,0.00179822167354497,0.0019350800136105,0.0024458383284809,0.000659063556650811,0.00077714012434242,0.015041214627652,0.0208721247583241,0.0247326602544955,0.0347608751498544,0.0624176492963104,0.0760990564633747,0.0735572239096796,0.0729343289422199,0.0495373815771516,0.0413284904630485,0.0396808286817819,0.0393474910087344,0.262006846709776,0.261535256124059,0.0411055074789386,0.0397863136385375,0.0391828662513873,0.041790161559377,0.0450782733371948,0.0534231032711081,0.0414484594903005,0.0410959311843319,0.580451601810992,0.578635168036172,0.577944702098457,0.575099348559127,0.570321327179173,0.556952710224353,0.586309623430962,0.583626514272108,0.419548398189008,0.421364831963828,0.422055297901543,0.424900651440873,0.429678672820827,0.443047289775647,71766,71742,73628,75851,82811,82763,80834,84987,122612,125998,129521,133298,137759,141541,142080,144593
"22","ME",31356,6749,66676,31388,7035,67777,33545,7158,68642,33621,8046,71122,34235,8710,73894,33135,9252,73891,29117,9632,74785,29832,9403,73049,0.854760333553302,0.849727783761453,0.0649602284315725,0.202370574505779,0.774826102254581,0.769295313366987,0.784395266430434,0.761790031348821,0.0130031795548623,0.0126001445918232,0.0011800355467498,0.00306515564804139,0.0205564727853412,0.0231151290414259,0.0282944440730093,0.0324576654026749,0.0064490971264023,0.00708204848252357,0.000553596923166574,0.00167318129411434,0.0154004384659106,0.0158341340623351,0.0168215551246908,0.020766882503525,0.0103935449037135,0.0117591513345235,0.000917805425249847,0.00254492280869492,0.0162936097653395,0.0183107550310593,0.0191883399077355,0.0248052676970253,0.00132571894758311,0.00445713000196845,0.0112864373291472,0.0104072214478083,0.0097212007755566,0.00904872072170735,2.91366801666618e-05,4.21810410280926e-05,0.000852572604000325,0.000703739291659336,0.00136390987497493,0.000958260893372941,5.82733603333236e-05,0.00118106914878659,0.00944596313638455,0.0144131220310999,0.0157518218894163,0.0206162986488521,0.0701901733757274,0.0721631231833808,0.129337723259812,0.137004021259245,0.134774135924432,0.131585714092379,0.106545430233336,0.10750318279511,0.0150578918951347,0.0162149401714446,0.0180356050231637,0.0185596580523607,0.0165642677348635,0.0163348716352465,0.0179180316908471,0.0220536899889116,0.0210570520127182,0.0208477802204288,0.591416334022901,0.590647057169371,0.589479524724606,0.59103273741051,0.592124089055292,0.590849977412422,0.599931009658648,0.598049485813772,0.408583665977099,0.409352942830629,0.410520475275394,0.40896726258949,0.407875910944708,0.409150022587578,15015,14445,13851,13710,14501,14080,11619,11490,23854,24738,27356,27957,28444,28307,27130,27745
"23","MI",301494,73967,641130,304385,75652,648813,303174,79904,660687,315416,86205,699060,319317,85665,710743,323284,84614,697979,316754,82789,675822,296852,81082,613929,0.706054934256703,0.700406742774883,0.0166281461569548,0.0661645638428747,0.670463163196824,0.668269389193658,0.665817330598885,0.663215127482168,0.00793286852900348,0.00814872698296736,0.00252313122552737,0.0116742482762567,0.132573940228747,0.141828049267958,0.136959140128614,0.122914864748204,0.014836304649603,0.0148070399329237,0.000299688051982255,0.00108717420536149,0.0285504042952234,0.0293318280349409,0.030900148263892,0.03352504931352,0.0264564128959805,0.0271264601664887,0.00041017910145046,0.00196978800102995,0.0292820330274093,0.0313247246693668,0.0334230019147054,0.0417214368436741,0.000140762569870453,0.00131462249306211,0.00684635655926263,0.00679963150753819,0.00668223289564412,0.00593716863024877,6.35701928447207e-05,7.15246187737819e-05,0.00122266416974912,0.00121780168171249,0.00129619929508066,0.00102454844126927,0.000246712891278321,0.000841129516779676,0.0124292465771735,0.017649528137666,0.0193926803211497,0.0281074847417209,0.0672422129677289,0.0706906304281819,0.0741198177049041,0.0887034017108689,0.0833057800076821,0.0659718988680175,0.0640094581117513,0.0490985113913824,0.125754527162978,0.125595510570842,0.0372369972468052,0.0352745114868538,0.0353264119379297,0.0376071486391424,0.0415198084702777,0.0544558084078126,0.0359006753700498,0.0374915422471498,0.569802342107534,0.567104397333562,0.565159276981975,0.566784960579043,0.563836335603162,0.554552725152257,0.576391683433937,0.572514730746764,0.430197657892467,0.432895602666438,0.434840723018025,0.433215039420957,0.436163664396838,0.445447274847743,117501,117312,112370,117997,118976,120805,115756,101463,266464,271469,275134,283624,286006,287093,283787,276471
"24","MN",140642,77048,374879,144370,84022,389858,148764,92096,408630,156718,106784,443935,166032,114461,466868,165535,113132,459718,163394,112107,453664,158228,114538,430124,0.73754731526706,0.729555376573009,0.0472114137483787,0.224526113057092,0.676563825321076,0.668470671150575,0.660850320942371,0.631413266871879,0.0113129836560597,0.0118222532306635,0.020294643075643,0.0356989198869204,0.116221287387441,0.122379371701782,0.126146222755167,0.133001181054766,0.0169948169942835,0.0178064833862586,0.00330372219367154,0.0161465079347202,0.03851838206945,0.0403791019712084,0.0417423467588347,0.0481093824106537,0.0189127691868576,0.0204715563102463,0.00353865354966596,0.00908691587732438,0.0332128139002887,0.0363896997724692,0.0386255025745927,0.0471259450763036,0.00155886743508798,0.00361764672756147,0.00856773220696214,0.00857047146294032,0.00826823375890527,0.00751178729854647,7.58632503731983e-05,0.000443758658362148,0.00100028273516283,0.00123771529502869,0.00130272624673767,0.00139959639545805,0.00100335266622617,0.00478448421503148,0.0228737030595372,0.0248478415028343,0.0270354271002328,0.0293403762635891,0.0973620821651786,0.0913999456212262,0.0881384137239067,0.079236825210898,0.0733504973568546,0.0656315393349836,0.0668953234111589,0.0670271828588965,0.0679339200115237,0.0776103093947027,0.0296723197024203,0.0269701645511167,0.0296914759632273,0.0320935878081781,0.0291338964519997,0.0350712817699082,0.0270513952502007,0.0278639915045991,0.587923059980912,0.591836642751754,0.598061978974785,0.599249974984664,0.599448049657897,0.60569975169951,0.583436255431753,0.583781787214832,0.412076940019088,0.408163357248246,0.401938021025215,0.400750025015335,0.400551950342103,0.39430024830049,74830,83593,85196,95725,108848,109379,109087,113826,148854,150848,160931,167777,171645,169288,166414,158940
"25","MO",181194,55102,342605,188414,57630,351158,191882,63347,361205,199083,69079,386187,205913,69418,400575,211648,69475,431562,213796,69114,433253,215023,71440,415019,0.748205659578815,0.738203315886296,0.0554449689234645,0.378088853327533,0.707400611620795,0.701757800733151,0.700378300900398,0.681197728296777,0.00624334145736344,0.00632763599291487,0.00805359837211556,0.0601314907026907,0.120344504774387,0.134249540042914,0.131315882405892,0.11924996204993,0.0115818508194568,0.0116642650886496,0.000902534571780568,0.0114788949394982,0.0232840292080135,0.0241935110134813,0.0250084823417264,0.0279625752074001,0.0278016958304753,0.0283746917342051,0.0018410597859941,0.0130972818867543,0.0305935218123947,0.0318146639416816,0.0359028096747166,0.042940202737706,0.000669979651444471,0.00341544381348932,0.00599638020345753,0.00552875369008393,0.0052486653294957,0.00491302807823256,7.19812848659349e-05,0.000914064947810258,0.00108843537414966,0.00163128356991579,0.0015510567728325,0.00155173618557223,0.000545396658407276,0.00301926268880102,0.010245272420895,0.0146328916818441,0.0192589549293369,0.0272348976793834,0.0560616453350068,0.0632251009517083,0.0648412951094254,0.0684694202549542,0.0677476128065905,0.0529263466199526,0.046434762136673,0.0426847927444286,0.109998394652734,0.109671429954607,0.0314032197782423,0.03161421798248,0.0332996317793172,0.0332652087069761,0.034901085508929,0.0522650770205701,0.0272208520015762,0.0292717238394113,0.581445439570327,0.577955757184991,0.575060850028085,0.583612551614832,0.57532204047058,0.568617340410921,0.577350009486143,0.577899407104494,0.418554560429673,0.422044242815009,0.424939149971915,0.416387448385168,0.42467795952942,0.431382659589079,91406,94583,95576,98357,97367,99163,99904,98048,152314,158490,162665,169805,177964,181960,183006,188415
"26","MS",62843,13765,149849,63980,14378,153999,64423,16093,159388,66544,17312,172154,69226,18732,177520,72353,19402,179035,72950,19651,176861,76002,20540,174000,0.559129523720545,0.555256852317223,0.111733631139107,0.199664254098075,0.526594186570527,0.526584187449381,0.537614284664228,0.542373563218391,0.0039639904170198,0.00384418080636887,0.0737132030014807,0.160269293771855,0.395375168995043,0.401994023514955,0.393744239826757,0.373459770114943,0.00381717595713018,0.00398054532821642,0.0013928275654378,0.00408936185043624,0.00873141054529067,0.00941715307062865,0.0101605215395141,0.0121091954022989,0.00844183144365328,0.00922083909635777,0.00228373528747459,0.00486773470264995,0.0121507435781884,0.0140587036054403,0.0155150089618401,0.0196436781609195,0.00134890957914021,0.0018994621095066,0.00409531320414601,0.00422822353171168,0.00403706865843798,0.00433333333333333,5.64659823826135e-05,0.000174262578853817,0.00101397025687247,0.000770799005780993,0.000768965458750092,0.000649425287356322,0.00011920596280774,0.000935209173182151,0.00455159981973862,0.0061272935459547,0.00802324989681162,0.0146781609195402,0.0168769895027661,0.0187403814310483,0.0242803724245238,0.0232524367717276,0.0345087877422262,0.0233920741754406,0.0171151356149745,0.0135287356321839,0.390219487617535,0.390963577685569,0.0129558059577885,0.012587566945874,0.0129788192879676,0.0134275421007066,0.0130215253786872,0.0192241379310345,0.0128863055475846,0.0132013844245742,0.618064095164002,0.615460575995911,0.612314105452907,0.613505739101293,0.610140166571488,0.602816091954023,0.61779524721553,0.615562438717135,0.381935904835998,0.384539424004089,0.387685894547093,0.386494260898707,0.389859833428512,0.397183908045977,15165,15748,16119,16344,16818,17465,19296,19043,62904,64095,64693,67512,71140,74290,73305,77499
"27","MT",30065,3916,46669,29505,3934,46485,29138,3959,46995,31575,4527,50512,33242,4836,52189,35183,4899,54526,34923,4830,53904,33506,4732,51250,0.78546786946367,0.778143487146391,0.0147036918821151,0.0672117516629712,0.792082622774914,0.792044162417929,0.792278866132384,0.767160975609756,0.0933167627332919,0.0912122189953748,0.000297904032343866,0.000732499208108964,0.00756864473356454,0.00735428969665847,0.00771742356782428,0.00893658536585366,0.00522831001307078,0.00567925137141013,6.38365783593999e-05,0.000673107380424454,0.00990630209431106,0.0100319113817261,0.0121326803205699,0.0137756097560976,0.0161134800402837,0.0175325373776487,0.000276625172890733,0.00192033576179918,0.0265189982563375,0.0281333675677658,0.0300163253190858,0.0346536585365854,0.018363655708054,0.0229054482103263,0.0867615781103298,0.0838132267175292,0.0806433659839715,0.0730731707317073,0,9.89863794741844e-05,0.00168617907988273,0.00187066720463632,0.00187370139507272,0.00193170731707317,4.25577189062666e-05,0.000217770034843206,0.0169767575542739,0.019898763892455,0.0216495992876224,0.0259317073170732,0.0668538001671345,0.0717435731956545,0.0637940206404937,0.0788525498891353,0.0360612389584012,0.0316362836078201,0.0261576135351736,0.0403707317073171,0.00587113501467784,0.00643218242443799,0.0239174380253218,0.0221135571745328,0.022437678437985,0.0252173275134798,0.0275304244582962,0.0341658536585366,0.0214275000535687,0.0229751532752501,0.541993829130759,0.53397212543554,0.536875586809481,0.543813960312512,0.541073018699911,0.536078048780488,0.547429771368574,0.542454555232871,0.458006170869241,0.46602787456446,0.463124413190519,0.456186039687489,0.458926981300089,0.463921951219512,7051,6885,7340,8022,8559,9430,9558,8954,27525,27163,26358,28080,29519,30652,30195,29284
"28","NC",203554,50046,497217,209408,52551,504329,214702,55855,531286,220922,64940,572253,228115,68185,590684,229054,67966,589276,229673,68059,583087,241013,70705,568759,0.647302887873906,0.637268529075266,0.0114213436830634,0.329943224412978,0.592929552857365,0.583533013392706,0.578088690023959,0.56615192023335,0.0119545389638729,0.0111930902248334,0.0185888579785652,0.124887069180939,0.243604025164047,0.244873370033736,0.241332768523394,0.227488268317512,0.011642803846208,0.0122063177013418,0.000176929186916275,0.013434617206026,0.0220845663671269,0.0244588274424887,0.025665123729392,0.030719513889011,0.0268051977305683,0.0286876225638423,0.000626781055777867,0.0158740976456218,0.0389937767063269,0.0432564706521223,0.0478607823532337,0.0656745651497383,0.000167518059952643,0.00548883098909049,0.0117152318329259,0.0117126779302059,0.0116054722537117,0.0109607056767453,1.31755777490843e-05,0.000260374344913876,0.00139837882861225,0.00115056442142561,0.00117992683767602,0.00154722826364066,6.58778887454215e-05,0.00310002743541755,0.00903528790351525,0.0126765726077424,0.0165738560454958,0.0277428576954387,0.0322012320576328,0.0443619145438791,0.044862842235632,0.0480259605454231,0.055371399936345,0.0513528465438945,0.0490475692306637,0.0353735061774847,0.235450517580855,0.229493049180198,0.0235428752122209,0.0235123275893704,0.0248677804037353,0.0269856569756786,0.0286458110024748,0.0343414345970789,0.0210672603712262,0.0230702577087576,0.593939987125578,0.589835265171174,0.591355106960744,0.594023852999274,0.591776184342988,0.582197380612878,0.598382597537896,0.596455884948119,0.406060012874422,0.410164734828826,0.408644893039256,0.405976147000726,0.408223815657012,0.417802619387122,52761,55009,57319,57392,60333,58716,58384,61902,208890,215234,220815,228470,235967,238304,239348,249816
"29","ND",27128,4640,49400,27061,4851,49757,27354,5103,51113,28969,6103,54856,31141,6900,57396,32052,7142,56171,32454,7046,55474,33759,7266,54225,0.840384615384615,0.811343127600137,0.00688670201318647,0.776031792329007,0.794428183148651,0.783714016129319,0.782168222951293,0.775601659751037,0.0648582995951417,0.0670458427959885,0.000410854381468511,0.0196149919789996,0.0218133667851418,0.0250129070160759,0.0267873237913257,0.0336376210235131,0.00601214574898785,0.00584842333741986,7.82579774225735e-05,0.0103361528365174,0.0101226566311241,0.0125865660216126,0.0112304863539676,0.0125034578146611,0.0105060728744939,0.0111944048073638,5.86934830669301e-05,0.0117762870059793,0.0140950588891212,0.0206512257214577,0.0222446551537657,0.0300599354541263,0.00690626650754211,0.0495114481551699,0.0581747856993519,0.049046661088462,0.0451743158957349,0.0395758414015675,1.95644943556434e-05,0.000528656847017646,0.0012718656352359,0.00119278631322213,0.00133395825071205,0.00164130935915168,0,0.00222400466676389,0.00637675099310056,0.0129426216374998,0.0168727692252226,0.0261502996772706,0.0198785425101215,0.0413208191812207,0.0328683505174809,0.0440790433134024,0.0379294724371036,0.0389524843780598,0.0404333561668529,0.0274043337943753,0.0161538461538462,0.0162791165062202,0.0506133468980494,0.0517719119148316,0.0557878597811694,0.0559007316942906,0.0537549122111259,0.0534255417242969,0.0368016194331984,0.0418031633739976,0.519006906266508,0.520799912498177,0.521395219179037,0.513450000890139,0.513519847135595,0.509562010142923,0.521862348178138,0.522559639849669,0.480993093733492,0.479200087501823,0.478604780820963,0.486549999109861,0.486480152864405,0.490437989857077,6404,7249,6958,8051,8784,9645,9696,10405,26201,25500,26333,27021,29257,29549,29804,30620
"30","NE",58683,15188,124804,60517,16169,127758,61900,19791,131084,63980,22248,139160,67969,23234,146055,67606,23548,143880,66886,23837,140598,68542,25778,136962,0.825742764654979,0.816003694484886,0.146394678221598,0.278808565679793,0.778946287357502,0.76414373088685,0.7584105037056,0.713402257560491,0.00815678984647928,0.00786643497863147,0.0159439748558176,0.0309859154929577,0.0551230700763411,0.0563942174033917,0.054602483676866,0.0509630408434456,0.0103442197365469,0.0109269086867359,0.00523328552683775,0.00683386030468525,0.0227448563897162,0.022789824854045,0.0236205351427474,0.0265694134139396,0.034998878241082,0.0380798071353653,0.00868145616551219,0.0221256108077034,0.0489404676320564,0.054441201000834,0.0609468128991878,0.0883529738175552,0.00135790790638064,0.00467806841046278,0.0083256307555373,0.00877119822073951,0.00810111096886158,0.00711876286853288,0.000175460010375027,0.000474274216728945,0.00147889493683886,0.00170280789546845,0.0017781191766597,0.00151866941195368,0.00106801745445668,0.00168151767749353,0.00803806785115196,0.0117250486516542,0.0131651943839884,0.0245542559250011,0.0390692606006218,0.0422908937209412,0.0425376094717891,0.05939925265881,0.0477217486563281,0.0509591326105088,0.0482866043613707,0.0471736686088112,0.0438687862568507,0.0459384148155106,0.0274175337951237,0.0286289163552745,0.0286809763445277,0.0290728384765082,0.0310886356847181,0.0403469575502694,0.0253517515464248,0.0262840683166612,0.548861798541393,0.554426559356137,0.553668138714868,0.556978037253267,0.556024979018194,0.557242154758254,0.554837985961988,0.552255044693874,0.451138201458607,0.445573440643863,0.446331861285132,0.443021962746733,0.443975020981806,0.442757845241746,17905,19164,20229,23529,22045,22452,23199,22699,59638,61212,62405,62699,69158,68702,67524,71621
"31","NH",37589,9578,70315,37819,10544,70647,38470,10818,72475,38733,11702,75317,39652,11791,76909,41795,12753,78790,45406,14840,84181,78110,25949,125194,0.742473156509991,0.733845740088043,0.0477130044843049,0.172311695898668,0.69583533786683,0.668041629648433,0.629595752010549,0.583007172867709,0.00521936997795634,0.00508160289891998,0.0012969989651604,0.00351846196741771,0.0189314644579958,0.0193171722299784,0.0202302182202635,0.0699154911577232,0.0102254142074948,0.0107010913414582,0.000234563642635392,0.00131444428216737,0.021765983174921,0.0222744003046072,0.0222259179624856,0.0256721568126268,0.0202375026665719,0.0211190850283805,0.00118661607450845,0.00917455554522883,0.0276950681974801,0.0313237720522909,0.0298285836471413,0.0461523715194019,0.000262159365298379,0.000796632898283256,0.00475887087336983,0.00431526843508059,0.00400327864957651,0.00449702062399157,1.37978613314936e-05,0.000305375944341915,0.000598109454030087,0.00403604518339891,0.000510804100687804,0.00142978097991917,0.00034494653328734,0.00147377086182402,0.00836052997698579,0.00956974235309049,0.0103229944999465,0.0136987395562088,0.16865533669914,0.173977663595057,0.17755087961366,0.18285380458595,0.194021505935586,0.210521639802005,0.254368562977394,0.229260188187932,0.0166962952428358,0.0164479737285377,0.02697481890307,0.027231567906316,0.0280331300628015,0.0306003299911156,0.0289138879319561,0.026367078294487,0.0241911398705824,0.0263705465200221,0.583166609175578,0.582843182813973,0.576967585068067,0.577979439015103,0.580320975041874,0.598263495055674,0.587996871222357,0.586535875550271,0.416833390824422,0.417156817186027,0.423032414931933,0.422020560984897,0.419679024958126,0.401736504944326,10890,11273,10842,11041,10650,12799,15816,42882,36593,37482,38823,39394,40793,41749,44430,61177
"32","NJ",145903,47399,393896,149249,48310,405847,152760,49194,420812,157846,54164,448082,165856,53720,462611,168559,52868,459503,188774,53429,455658,198515,62988,442503,0.536418242378699,0.53062853735521,0.0182266665399276,0.462221200583822,0.489757052901898,0.486007708328346,0.478156863261481,0.446699796385561,0.00304395068749111,0.00301591486446863,0.00409921770291722,0.128193053949947,0.144023812663339,0.143676972729231,0.143978597983575,0.138265729271892,0.0364131648963178,0.0372751307758835,0.000734294649392128,0.0672354613664463,0.0682949605608168,0.0703825655109978,0.0719925909344289,0.0807293961848846,0.128937587586571,0.134612304636969,0.00533017119283671,0.137751572256864,0.157488689201078,0.163602849165294,0.171185406598809,0.188588551942021,0.000225754018421528,0.00293026722787347,0.00346295267514175,0.00279867596076631,0.00327877487062665,0.00247907923788087,5.46562360388962e-05,0.0026914716502783,0.00337216365369609,0.00354078210588397,0.00354871416720435,0.00254235564504647,0.000154463275762098,0.00457282372422905,0.0079807873137474,0.0120260368267454,0.0154962713263017,0.0193467614908825,0.0868198712350468,0.0845293916180235,0.0843939811602331,0.0961587388022728,0.0871271975806887,0.0808939223465353,0.0760833783232161,0.0736559978124442,0.13139001157666,0.131515078342331,0.0415506211800044,0.0377096156507068,0.0384923834495937,0.0370704870262,0.0362794025343569,0.0476923320293874,0.0385000101549648,0.0399337681441528,0.559240230791898,0.556485196905923,0.555788772856677,0.553841868279424,0.551725197406827,0.546488950357399,0.568025570201271,0.562958454787149,0.440759769208102,0.443514803094077,0.444211227143323,0.446158131720576,0.448274802593173,0.453511049642601,58573,57795,56444,55561,55418,54827,74622,67529,138148,143266,148961,156449,164158,166600,167581,193974
"33","NM",41431,13028,131604,43128,11382,134441,43967,11447,142749,47112,13453,154074,48640,13748,164137,50881,13962,159173,50741,13952,158090,47762,13481,139858,0.393726634448801,0.390059580038827,0.0160561545089633,0.0479444942040838,0.360850996423719,0.352584923322423,0.34577139604023,0.323106293526291,0.0836524725692228,0.0846988641857767,0.00273206817560894,0.00370601139712086,0.0314615229960338,0.0303129299567138,0.0302738946169903,0.03024496274793,0.00817604328135923,0.00838285939557129,0.000609461362251224,0.000941106221685684,0.016467950553501,0.0157878534676107,0.0156999177683598,0.0175392183500408,0.377404942099024,0.375346806405784,0.0121471954269382,0.0206069810610486,0.403802920730853,0.409359627575028,0.420241634511987,0.437686796607988,0.00233276590378917,0.0229175590949803,0.083351103041971,0.0873640630006345,0.0888481244860523,0.0892333652704886,4.20318180862913e-05,0.000279086672637823,0.00169979955768657,0.0021988653854611,0.00243532165222342,0.00213788270960546,0.00022416969646022,0.00253774160468346,0.0111857777344535,0.0166925295119147,0.0171041811626289,0.0209212200946674,0.0782574997720434,0.073809328999338,0.0731213528641181,0.0796565286810234,0.0685829520461566,0.0605504702430689,0.0518312353722563,0.0505727237626736,0.0278714932676818,0.0285106477934559,0.0300387393256695,0.0227228474629074,0.0225969769156254,0.0251487375371451,0.0277942943892719,0.028557536930315,0.0204173125436917,0.0287561086275764,0.57244534112323,0.571666861378299,0.576695077892248,0.576247227858996,0.575128091593396,0.579073059817815,0.586046016838394,0.580388423174478,0.42755465887677,0.428333138621701,0.423304922107751,0.423752772141004,0.424871908406604,0.420926940182185,16492,16309,16261,17326,18014,20377,20308,18977,38976,39209,40159,43239,44374,44466,44385,42266
"34","NV",35279,9062,108712,35482,9009,112742,35875,10290,117829,36454,10404,123221,37352,10984,127699,37883,11039,120470,41533,10669,118201,45759,10991,119680,0.55029803517551,0.535151052846322,0.00666219691247486,0.516551561827935,0.525509205240448,0.502382335851249,0.490655747413304,0.44838736631016,0.0130068437706969,0.0132071455180855,0.0013833606327814,0.0740863976107969,0.0783874580067189,0.0814974682493567,0.0777573793791931,0.0777155748663102,0.0446684818603282,0.0447925351687925,0.00304678814213818,0.0868277322858928,0.0901964776544844,0.0928363908026895,0.0940685781000161,0.0979361631016043,0.135633600706454,0.145597913820936,0.00166342750935678,0.172787106093929,0.188372657577585,0.180219141695028,0.196681923164779,0.232052139037433,0.000364935627052763,0.0107530372257976,0.0107518461381843,0.0105503444841039,0.00952614614089559,0.00790441176470588,7.6381875429648e-05,0.0172941300589997,0.016546723153666,0.0147090561965635,0.0140861752438643,0.012182486631016,0.000169737500954773,0.0261562558330155,0.0302743169484491,0.0361998837884951,0.0438744173061142,0.0577456550802139,0.111156082125248,0.105781341469905,0.101087168693615,0.048465764764123,0.0406267864274583,0.0625383913007388,0.053967394522889,0.0456968582887701,0.0664508057988079,0.0717124053147895,0.0222865338753618,0.0203780199803605,0.0193345288530059,0.0190669876317755,0.0193822387289448,0.0203793449197861,0.0191607182279785,0.0246048500115308,0.550653913722428,0.55320115889337,0.555266681806435,0.567153648211173,0.567736313567567,0.56987800802139,0.560112959010965,0.553857479909883,0.449346086277572,0.44679884110663,0.444733318193565,0.432846351788827,0.432263686432433,0.43012199197861,15670,15141,15373,14909,14423,14210,16452,15946,29666,30333,31028,31949,33913,34712,35750,40804
"35","NY",533468,185917,1192354,539504,183740,1214226,547115,192533,1246756,569096,216423,1305591,574046,219436,1332657,580279,216156,1347943,581949,213257,1341279,585192,213450,1317435,0.532077721884608,0.528730236381036,0.0767455701035327,0.280823780188436,0.506847598444311,0.499958084281012,0.494614468727237,0.456663137080767,0.00359792477737316,0.00365253255983647,0.0131028043979736,0.0480027818819217,0.130476184044357,0.134200778519566,0.134699044717766,0.13459259849632,0.0316273522796082,0.0329436200509625,0.00620089255636227,0.0104780134054233,0.0750200539223521,0.0790515622693244,0.0800437492870611,0.0866517133672629,0.104000154316587,0.107057500004118,0.0117087866430962,0.0346770160027145,0.125130472432141,0.133802393721396,0.14097514387387,0.162257720494749,0.000536592565024752,0.00239738172214729,0.00362508882630714,0.00353724155991759,0.00345565687675718,0.00334589562293396,0.000113093500251854,0.000376074896349623,0.00177164866878724,0.00206536923297202,0.00204729962968182,0.00201603874194932,0.000590332029683434,0.00321540206695665,0.00987275795647342,0.0127253155363394,0.0151303345538102,0.0205459851909202,0.101734887457919,0.100333051672423,0.0965080577113726,0.0965547403436451,0.0875258975115127,0.0754564547610693,0.0639031849451158,0.053898674317898,0.127113256633517,0.12743344319756,0.0607753241211592,0.0589541441385549,0.0597302981937588,0.0592028001184026,0.0651311173887014,0.080028236687199,0.0609911150547572,0.0599418889070074,0.577200350349226,0.574061095703019,0.572629716423656,0.571494491977776,0.570827545946816,0.564338278548847,0.579156022456418,0.578944941057101,0.422799649650774,0.425938904296981,0.427370283576344,0.428505508022223,0.429172454053184,0.435661721451153,189255,186074,188326,190285,189885,188778,185453,174901,553031,561706,570969,595234,603597,607657,609753,623741
"36","OH",318100,70493,630532,327190,70872,640080,335472,79401,667502,346003,89030,723457,371786,90590,756534,372719,89283,746774,363278,87747,724268,343633,88521,686957,0.761942296346577,0.758088051493563,0.0507668890879728,0.213358914213284,0.727361889882015,0.719362216681352,0.709633726742035,0.69768995730446,0.00387450597273414,0.00384639420072491,0.012259139298459,0.0464892868546437,0.130952475367928,0.132456405820235,0.126614733772581,0.114858717503425,0.0094745389607506,0.00975815523059618,0.00058876228086208,0.00482406003397576,0.0191584251335697,0.0196793139557617,0.0201196242274959,0.0237889707798305,0.0197801221825379,0.0208317710286214,0.00124194384436301,0.00532443531543685,0.024388857605871,0.0263413027234478,0.0283762364207724,0.0348071276659238,0.00024269590203475,0.00110027271835092,0.00387028210232455,0.00372803552346493,0.00332335544301281,0.00271050444205387,4.34455627099245e-05,0.000116109181333514,0.000578956134159205,0.000662851143719519,0.000793905018584281,0.000938923396952065,0.000521346752519094,0.00156332719152624,0.0091337600160733,0.0135114505861211,0.0172974644744763,0.0269128926555811,0.0532534431242189,0.0521200474940632,0.0578994519866607,0.0624888555919702,0.0552083581174144,0.0514586742441488,0.0566696305787361,0.0485299662133147,0.113596137864533,0.116065179352581,0.0285542215603848,0.0282601453852821,0.0293469956406454,0.0327997493217493,0.0371713233223061,0.0497629400384595,0.0272341451345848,0.0281871016122985,0.570300912956066,0.568087667960915,0.569074225348762,0.572929694927783,0.570206056321693,0.560046698701665,0.572614871251578,0.568610173728284,0.429699087043934,0.431912332039085,0.430925774651238,0.427070305072217,0.429793943678307,0.439953301298335,90891,91688,97267,98189,108222,114076,113124,103456,309049,317772,324067,336844,354154,347926,337901,328698
"37","OK",97822,19013,221971,98148,19638,224229,97213,20736,225298,99433,24531,239539,102150,25521,251079,103905,25721,250213,104861,25625,248274,108514,24676,233977,0.69556834000838,0.687145730480892,0.080551092331046,0.417585445376327,0.627798422010602,0.617493895201289,0.607993587729686,0.573086243519662,0.104829009194895,0.1032426670948,0.0203685785049135,0.0589841320202556,0.0962366426503212,0.098040469519969,0.095519466395998,0.086833321223881,0.0112447121470823,0.011403520508052,0.00220596720787579,0.0159890456251383,0.0236658581561979,0.0234200461207052,0.0233250360488815,0.0268530667544246,0.0377977303341427,0.0399903669908888,0.00484691386519188,0.0257077135664756,0.0478614300678273,0.0532026713240319,0.0601754513158849,0.0764092197096296,0.00884606166055624,0.0643569523125671,0.0983913429637684,0.0929528042108124,0.0872906546799101,0.0816191335045752,7.98941845910749e-05,0.000500962265017388,0.00154931316438253,0.00142678437970849,0.00155473388272634,0.0021497839531236,0.000119841276886612,0.00337314591778374,0.0270392983881567,0.0376359341840752,0.0497071783593932,0.0732935288511264,0.0120961747255272,0.0164207127534797,0.031726868414278,0.0292311481637646,0.0425045503606435,0.0394543848640958,0.0368423596510307,0.0314347136684375,0.0874663807434305,0.0883025835195269,0.0399470922955375,0.0372465444040428,0.0349531422381004,0.0363730101953136,0.0375915319364895,0.04832098881514,0.0384644840992742,0.0406459467776247,0.556995623574111,0.552290023753961,0.555203740655332,0.559187572188495,0.55382359812143,0.552926142313133,0.564916137693663,0.558384508694237,0.443004376425889,0.447709976246039,0.444796259344668,0.440812427811505,0.44617640187857,0.447073857686867,30560,30587,31358,31887,32146,32655,32936,32732,90217,91125,89990,92077,95525,96971,97550,100458
"38","OR",83150,20874,199840,85335,20699,205349,89169,24955,222860,94458,26735,245756,100037,28138,253079,104458,27919,261974,104548,27675,258169,106141,32053,243902,0.719460568454764,0.708973503645014,0.00978192587274522,0.177997688764466,0.670810300341,0.675536503622497,0.671970685868559,0.618145812662463,0.0153422738190552,0.0149745068152268,0.000637171318316432,0.00942398151011573,0.0251621035328889,0.0265331674135601,0.0277879993337697,0.028396651113972,0.0260108086469175,0.0271245538083945,0.000408328098357713,0.0135866469180813,0.04817468063332,0.0469588585126768,0.0478485023376161,0.0522176939918492,0.0488791032826261,0.0530024494884319,0.000592300098716683,0.0177859340158531,0.0688559698750193,0.0779733866719598,0.0851806374893965,0.106813392264106,0.000179484878398995,0.00417487263790101,0.0143196393221089,0.0143258491300663,0.0134175675623332,0.010791219424195,6.28197074396482e-05,0.000712088412897345,0.00604159175593392,0.00655790269263362,0.00644539042255267,0.00584661052389894,0.000291662927398367,0.00195722586630642,0.0186186921870246,0.028277615335873,0.0346168594990103,0.0504669908405835,0.10787129703763,0.11100127100692,0.116234407251189,0.12554729080877,0.116200870084045,0.0893600128257003,0.0732775817390934,0.076547137784848,0.0214721777421938,0.0226589854345529,0.0294534685452751,0.0288619606438907,0.0318161522686592,0.0344767037950331,0.0394547757476692,0.0507744913940845,0.0291283026421137,0.0294863865906335,0.559593466750426,0.555013916242126,0.548757502598003,0.552451770022979,0.553021470432159,0.55254569458225,0.565522417934347,0.561906802565389,0.440406533249574,0.444986083757874,0.451242497401997,0.447548229977021,0.446978529567841,0.44745430541775,28399,29371,30992,31217,33056,34058,33621,35541,79275,80386,84254,89976,95119,98319,98602,102653
"39","PA",354630,96853,706522,362954,100124,723668,363863,110007,740727,380571,123770,790586,382999,128267,815094,386040,124507,799031,382364,124648,793914,381083,125465,771554,0.724505394028778,0.711854054621733,0.0956749247698545,0.30068202573787,0.69239253386726,0.680280239440022,0.672106802500019,0.635184316327827,0.0025675067443052,0.00254812980538037,0.0126105839263318,0.0390191579410716,0.108351920146633,0.109306147070639,0.109335519968158,0.109161510406271,0.0186986392497332,0.018898168773526,0.00416887733267452,0.0146132109599715,0.0383133724453867,0.0396029690963179,0.04102711376799,0.047719278235872,0.0295164198708604,0.0310929873920085,0.00326976065406013,0.0179158244643846,0.0450083057904978,0.0482371772809816,0.0513254584249679,0.0608162228437673,0.000328056085440385,0.000982815278793199,0.00287206138187743,0.0025405772742234,0.00242469587386039,0.00202059739175741,0.000121502253866809,0.000428795855226376,0.000900509634471607,0.00133536746384058,0.00120164148761705,0.00129997381907164,0.000861315977411381,0.00372255516793872,0.00948111506157572,0.0142072084812729,0.0171114251669576,0.0249937139850224,0.0734442805744195,0.0844876379776362,0.081032553153861,0.0945450589815656,0.0665837314469251,0.0650462873155109,0.0619198049158977,0.0593970091529562,0.0965093797503829,0.0952121691162246,0.03602136819638,0.0350904265949561,0.0360964502253728,0.0394440265771916,0.0435475378945327,0.0594073778374553,0.0340697104973377,0.0351680604918277,0.565957498511597,0.565524813239799,0.565598568999404,0.565060679748345,0.563088697264439,0.554156935224236,0.566054560226009,0.564673303227447,0.434042501488403,0.434475186760201,0.434401431000596,0.434939320251655,0.436911302735561,0.445843064775764,100141,101015,101703,103641,105278,99615,101577,102110,364866,376097,381972,400700,405988,410932,405435,404438
"40","PR",125206,24594,245306,126385,24030,245539,130386,25645,253472,132928,26070,265127,134743,25376,268876,140315,25699,270497,138237,24826,264364,138387,25318,251669,0.000493261477501569,0.00109554897592643,0.000568110087110213,0.000445069721303375,0.00115666701379074,0.00106470681745084,0.00224690199875929,0.00234832259833353,3.66888702273895e-05,3.66540549566464e-05,0.000138082312839288,0.000162186423864789,0.000405391332807688,0.000451021637947925,0.00093810049779849,0.000707278210665596,7.74542815911555e-05,4.88720732755285e-05,0.0001025754323949,0.000147099314668065,0.000256623871226885,0.000365992968498726,0.000469050248899245,0.000508604555984249,0.993506069969752,0.990368128891948,0.5085058704709,0.650774911646117,0.930622294291793,0.957164035090962,0.972450863203765,0.974164477945238,1.97260446913269e-05,7.54355459836229e-06,0.000141329088501763,0.000147875946868172,0.000378266329757456,0.000460922878860726,0,3.77177729918115e-06,8.18221038694417e-05,5.54534800755646e-05,4.53919595708947e-05,6.75490425916581e-05,0,0,0.00314643181243398,0.00365253588764386,0.000983492457369385,0.00070330473757197,0.0048959259047883,0.00670769205706629,0.00482104532256028,0.0117377709550517,0.0635051101623053,0.0364292395109742,0.0220113177285863,0.019140219892001,0.000146755480909558,0.000187342947556193,0.00134926145688676,0.00153888513806591,0.000684330323271694,0.00066913865957848,0.000476615575494394,0.00189932013875368,0.000794925521593438,0.00149059823490362,0.596878550688044,0.585817362999619,0.582692393519689,0.583422366976344,0.582526365163184,0.574905928024508,0.602378254098962,0.597021247133857,0.403121449311956,0.414182637000381,0.417307606480311,0.416577633023656,0.417473634836816,0.425094071975492,37474,38390,36554,33040,34157,34052,34824,36936,114657,114397,120456,125958,125962,131962,128239,126769
"41","RI",49043,8655,82533,49580,8746,83915,50224,8773,85815,50737,9898,87221,54185,10165,87367,54001,9716,86473,53370,9693,85528,53763,9483,83946,0.670374274532611,0.656354644580826,0.148493853055993,0.297393976221323,0.621058294321655,0.621465659801325,0.620369937330465,0.614025683177281,0.00358644421019471,0.00398021807781684,0.0169317718347608,0.0290755666639915,0.0563828447812103,0.059556162039018,0.0611612571321672,0.0659352440854835,0.014224613185029,0.0151820294345469,0.00928742061411175,0.0251774228683459,0.0392024448590429,0.0381968938281313,0.0367598914975213,0.0410382865175232,0.059006700350163,0.0615622951796461,0.0275126726096836,0.044530560300845,0.0779470509460094,0.0879002694482671,0.0956645776821626,0.114740428370619,0.00130513313523277,0.00214397908760505,0.00400608925566862,0.00349241959918125,0.00357777569918623,0.00326400304957949,1.16529744217211e-05,0.000229302576214444,0.000526514587887875,0.000636036681970095,0.000631372182209335,0.000869606651895266,0.000967196877002855,0.00675296086951537,0.00827543580528117,0.0120962612607403,0.0184968665232438,0.0339980463631382,0.143748561181588,0.154882917237681,0.155893491813785,0.169752697171553,0.14571863518262,0.126444092375655,0.109356000374146,0.0658995068258166,0.0525002120363976,0.0507775725436454,0.0386762221056925,0.0419738365760539,0.0468826902606247,0.0502122049657118,0.0539823215788981,0.0602291949586639,0.0355130675002726,0.0361913841387118,0.565379012993066,0.56325884821316,0.564240502706972,0.568073271425763,0.568585726311851,0.572570461963643,0.564356075751518,0.562462015134362,0.434620987006934,0.43674115178684,0.435759497293028,0.431926728574237,0.431414273688149,0.427429538036357,11156,10790,10628,10100,10620,9989,9784,9192,47457,48479,49354,50535,53730,53728,53279,54054
"42","SC",94320,22188,217823,95908,21427,223709,98102,21193,232197,101228,23963,248910,106195,24564,259840,107930,24731,263134,113240,24746,262731,117420,25221,252491,0.644399351767261,0.639992132636595,0.0051981722416741,0.224699690651239,0.614682112068966,0.607682777596206,0.605927735973296,0.61206142001101,0.00391602356041373,0.00392921160972513,0.00286825411181023,0.0450002008758186,0.283220443349754,0.283197914370625,0.278973550894261,0.255284346768796,0.00665219008093727,0.00671407945143021,5.1680254266851e-05,0.00554417259250331,0.0141548645320197,0.0138370564047215,0.0147527318816584,0.0163372159799755,0.0167154065456816,0.0180457648105351,9.90538206781311e-05,0.00810734803744325,0.0248614532019704,0.0273586841685225,0.0306397037273866,0.0395142797169008,1.29200635667127e-05,0.00101241412558756,0.00414100985221675,0.00413477543760974,0.00403835101301331,0.00362785208185638,0,0.000281226145996545,0.00104294950738916,0.0013111190496097,0.00130171163661692,0.0010970688064129,1.72267514222837e-05,0.00568076814913021,0.0114993842364532,0.014939156475408,0.0177291602437474,0.0258662685006594,0.0403951832451119,0.0417506671613569,0.0432133059427986,0.0445904142059379,0.0314501231527094,0.0315010602962749,0.0291705204182224,0.0260246899889501,0.264196159266928,0.266274490521168,0.0148968332924198,0.0143224458639669,0.0149476600985222,0.0160374562010231,0.0174665342117984,0.0201868581454388,0.0150213705623373,0.014219365336218,0.601915614758158,0.601394078180869,0.602035868226601,0.602107671376561,0.599636129729647,0.588226907097679,0.610036589340887,0.606162469994502,0.398084385241842,0.398605921819131,0.397964131773399,0.397892328623439,0.400363870270353,0.411773092902321,22573,21712,21149,20782,22210,22457,23317,23571,96907,98604,101143,104409,108549,110204,114669,119070
"43","SD",35706,5222,49296,36226,5589,50155,36980,5703,50820,38827,6319,53762,42028,7561,58811,40329,6553,56316,40644,6651,56484,37679,6562,54030,0.825929081467056,0.81904097298375,0.0444706808343172,0.365034782932183,0.793116933906922,0.818257688756304,0.803855959209688,0.800721821210439,0.0711213891593638,0.0697637324294687,0.00072805981896891,0.010397678657788,0.0205573787216677,0.0262802755877548,0.0323631470859004,0.0304090320192486,0.00438169425511198,0.00396770012959825,0.000334513970877607,0.0039619061790856,0.00812773120674704,0.00932239505646708,0.009365484030876,0.0116231723116787,0.00971681272314184,0.0110656963413418,0.000826446280991736,0.0067705814515829,0.0183979187566952,0.0216989843028624,0.0237235323277388,0.0290764390153618,0.00367965367965368,0.0114765075704029,0.0862763768682729,0.0664819944598338,0.0618051129523405,0.0543216731445493,3.93545848091303e-05,0.000818421933707823,0.00183639115131523,0.00189999289722281,0.00168189221726507,0.0014251341847122,0,0.00455712213087311,0.0147931509411505,0.0149691029192414,0.0206784222080589,0.0262446788821025,0.0513834793898085,0.0576612501246137,0.0552735143644235,0.0725047431271158,0.0364047542126473,0.0184139498543931,0.0217583740528291,0.0123635017582824,0.014199935086011,0.0146146944472136,0.0236127508854782,0.0241806480413675,0.020489364234582,0.0226756161659209,0.0247680759153034,0.0338145474736258,0.0182773450178513,0.0184827036187818,0.574281778827233,0.571314311223541,0.577391984492697,0.57379785496129,0.570356207067488,0.553655376642606,0.571364816617981,0.574180041870202,0.425718221172767,0.428685688776459,0.422608015507303,0.42620214503871,0.429643792932512,0.446344623357394,14595,15212,15658,16543,19077,17937,18975,16207,26957,27247,27652,28603,30512,28945,28320,28034
"44","TN",147505,32186,295714,150951,33529,303318,152749,37634,314144,158982,42455,343312,165909,46227,361245,170101,45450,359628,171125,44982,351018,169081,43793,340265,0.726864470400455,0.722067269334494,0.0814339920545992,0.51594468005779,0.688538249664355,0.683356134672495,0.682953580728054,0.664799494511631,0.00428454520245913,0.0036957912158197,0.0335610420698788,0.162624667940532,0.197885091835181,0.199169697576384,0.194764940829245,0.185702320250393,0.00815991126561475,0.00831800288805808,0.00131786696546807,0.0109841776576409,0.0183365859735083,0.0182410713292625,0.0187996057182253,0.0223149603985129,0.0180681333991627,0.0183536750209351,0.00206911480085566,0.0174564244768607,0.0254896261539952,0.0277286529413728,0.0299272401985083,0.0380262442508045,0.000448838749108689,0.00270599338211306,0.00362911597392351,0.00323111659826265,0.0031109515751329,0.00269495834129282,3.81990424773352e-05,0.000812671855338584,0.000924580271007211,0.000962105286573904,0.000831866172105134,0.00170455380365304,0.000630284200876031,0.0098802255674139,0.0130769976055032,0.0182577552359661,0.0210559002672228,0.0270406888748475,0.0291430233265926,0.033344542691169,0.0406214984211062,0.0301941091485296,0.0344503038104334,0.0304147619206513,0.0271011742987539,0.0287129149339485,0.184113704457685,0.182972985447616,0.0184246714882347,0.0179807288996598,0.0176694487120929,0.0186387044390314,0.0214547402127526,0.0290038646349169,0.0194985695638353,0.0214296546858413,0.58342989202404,0.58053315934194,0.579587260723332,0.58229893111771,0.578995948925696,0.570837435528191,0.585139695787146,0.582695388997686,0.41657010797596,0.41946684065806,0.420412739276668,0.417701068882289,0.421004051074304,0.429162564471809,37983,38615,39262,40494,45511,45471,45590,44414,146050,150544,153403,160943,166625,170080,170517,168460
"45","TX",486380,122893,1267872,491491,126154,1286876,499447,136616,1347116,515637,154875,1463542,536040,164869,1551855,550889,166790,1581077,561489,166792,1558782,597961,178440,1605417,0.495096508164862,0.481062666488457,0.0113961975063766,0.0311989679831532,0.433085565339545,0.416198578563852,0.402447551998933,0.371710901279854,0.005227657050554,0.0066269011155698,0.00536776342942998,0.0129808369011617,0.131554816654907,0.137047721268477,0.133517708056675,0.12595107688532,0.0238975227783246,0.024756075954482,0.000885595598300369,0.00195552980372275,0.0499672972023804,0.0502518220175235,0.050242432873872,0.054656204587344,0.270215763105424,0.275699445789649,0.00988407828279079,0.0304856300673298,0.299312757957412,0.313022705409034,0.325688261732558,0.350338883916141,0.000123226210660403,0.000401765033049957,0.00508810423654272,0.00487452540262113,0.00430464298407346,0.00377721177737622,0.000483254597228449,0.000489224087863553,0.00144214504576781,0.00155653393224998,0.00160766547214428,0.00166561086621108,8.16559227267733e-05,0.000501523017446715,0.00986754561476427,0.0142364982856622,0.0177606618500855,0.0265519799528721,0.0212213851240504,0.025698668714002,0.0227634442765137,0.0230625427900258,0.0341268997425662,0.0281074229781345,0.0281739204070871,0.0197730558477953,0.121028778930365,0.121910735766305,0.0384911173202605,0.0360208316536184,0.0355548682061146,0.0347041921424447,0.0362571546245723,0.0455750748870854,0.0369288066934202,0.0374589315520687,0.570290160609777,0.566401920819491,0.567795960318458,0.570375130369995,0.570080999139071,0.563013846246801,0.571866876151536,0.57038673500788,0.429709839390223,0.433598079180509,0.432204039681542,0.429624869630005,0.429919000860929,0.436986153753199,176305,178553,184382,189181,197571,200803,201839,213842,448087,454449,462569,481331,503338,516876,526442,562559
"46","UT",93934,11900,192652,91874,11860,193813,122581,12341,208779,127506,14909,229412,134783,15250,245776,145997,16659,270871,149243,16679,281282,148053,16867,307743,0.787383468637751,0.785391072838251,0.110748686410032,0.27574843512981,0.761042575353167,0.740884037050847,0.731927389594784,0.713348475838606,0.00904740153229658,0.00950916605181283,0.00188716298095115,0.00485153348560668,0.0203355901308509,0.0239265185272694,0.0275808619108226,0.036507735350601,0.0145703133110479,0.015437560947924,0.00221286623654678,0.00987306679685457,0.0216904823904694,0.021648681475684,0.0219388371811918,0.0250403745982849,0.0463582002782219,0.0518489471810457,0.00850660267555645,0.0205786968423622,0.0627644684590847,0.0710338131435259,0.0747399407000803,0.0904748442694066,0.00179136790577596,0.00341743239237703,0.00858505305644164,0.00806287863964766,0.00861768616548517,0.00803592608117813,0.00142734662011026,0.00294666364444754,0.00756379792982228,0.00680766859501386,0.00701075788710262,0.00663540681672694,0.000148482366521537,0.00140794727390023,0.0110466440986915,0.0166463002683934,0.0211211524377671,0.0269608082068479,0.0917405477233561,0.079540588092646,0.0838159010245283,0.0920047774309975,0.0807239112036977,0.0850921656434244,0.0792372067889165,0.0684694696548744,0.0116531362249029,0.01391547522612,0.0245953855512288,0.024453821073004,0.0262474773777749,0.0258979366561943,0.02782616733385,0.0245269591834745,0.0240693063139755,0.028898990263811,0.495279697670743,0.499128206022353,0.50403212681466,0.515931938081227,0.517025618418527,0.531391453258076,0.493714054357079,0.491112567268449,0.504720302329257,0.500871793977647,0.495967873185339,0.484068061918773,0.482974381581473,0.468608546741924,30221,26822,43910,44745,47805,56764,58257,57494,77032,78346,92438,97670,102228,105892,107665,107426
"47","VA",189070,57521,454116,197955,62646,478017,205297,69551,500665,219254,82493,543353,235730,88060,573963,254590,90189,586911,258990,92458,588369,266954,91292,573923,0.643809070810101,0.634519274419111,0.0153256169294838,0.344389374863118,0.566329188466852,0.563513036899973,0.550528664834483,0.528501210092643,0.00470584608337958,0.00471531347211501,0.0126551686257278,0.113463991180687,0.206015021874232,0.214880961508644,0.207951132707536,0.193226269029121,0.0254208175884576,0.0261204099435794,0.000297604186432045,0.0332803904643942,0.0511827417446769,0.0515325151513603,0.0526625298069749,0.0588110251723663,0.0388469025535326,0.0403416614890265,0.000691080862452938,0.0310829239923218,0.0510346485749081,0.0563322207285261,0.0594711822002859,0.0736962972384797,8.78831154564429e-05,0.00265757251731379,0.00406646421459223,0.00393756463927239,0.00377144275106268,0.00357365012379709,7.19043671916351e-05,0.00185882842277488,0.00284164658697512,0.00263924172489526,0.00251372862948252,0.00227033940093009,0.000385487301888488,0.00326307207285135,0.0137726647884968,0.0221788312026866,0.0260584769081988,0.0351353753029588,0.0473315188189802,0.0508914954907461,0.0775129078325827,0.0816301741225318,0.0790190308434516,0.0581876979644273,0.0695226974908603,0.0729400982361745,0.186280597908904,0.187752736827351,0.027217800325567,0.0273983947820294,0.0257385929058145,0.0267979301802147,0.0275201446711163,0.0318457354035297,0.0253723718168926,0.0269509243395109,0.57343732835329,0.574738705776907,0.569301505497741,0.572492251806492,0.570687782667,0.567044708088019,0.57800209638066,0.575644799243542,0.42656267164671,0.425261294223093,0.430698494502259,0.427507748193508,0.429312217333,0.432955291911981,63938,69774,72407,78539,92501,96160,99990,98233,191627,200273,209404,223208,231289,248619,251458,260013
"48","VT",23339,4506,40780,23984,4663,41941,24852,4679,42703,25201,5577,44943,25510,5523,45662,25528,5385,45243,25393,5372,44818,28128,5260,43924,0.837690044139284,0.831787511027396,0.0460155024237173,0.031417573370714,0.80787087731593,0.783701346064585,0.768664375920389,0.759311538111283,0.00549288867091712,0.0054362080064853,0.00243542608247664,0.00113477070956545,0.0200166440366169,0.0208430033375329,0.0207952162077737,0.0281167471086422,0.00980872976949485,0.0096564221167831,0.000163922909397466,0.000712012994237145,0.0210240462529018,0.0204893574696638,0.0204382167878977,0.022994262817594,0.0203531142717018,0.0214587158150736,0.00428541320281947,0.00146852680061411,0.0287328632122991,0.030944013438543,0.0334017582221429,0.0445769966305437,0.000444933611221694,8.90016242796431e-05,0.00573781262318777,0.00519417368432686,0.0046633049221295,0.00537291685638831,2.34175584853523e-05,0.000244754466769019,0.00054750120450265,0.000640983135512676,0.000780936230978625,0.000887897277115017,0.000234175584853523,0.000311505684978751,0.0156366344005957,0.0192073911986385,0.0222009014235352,0.0313723704580639,0.0773418342324669,0.0808039865525381,0.0823829707514695,0.0883563625036157,0.0783583723884193,0.0981809340671485,0.107791512338792,0.0688461888716875,0.0171897989210397,0.0184783386185356,0.0200922651804323,0.0191575996261932,0.0220752485655468,0.0207987976040492,0.0212637779463608,0.0385210818686823,0.0200343305541932,0.0201711928661691,0.544247476758073,0.546536724295218,0.546077701370943,0.54757642066176,0.545205051541791,0.536608687733358,0.548430603236881,0.543811544789109,0.455752523241927,0.453463275704782,0.453922298629057,0.45242357933824,0.454794948458209,0.463391312266642,4973,4928,4898,5115,4908,4739,4776,5596,23278,24134,25086,25663,26125,26174,25989,27792
"49","WA",114981,27623,351401,117078,27630,355119,119918,29634,366283,126131,35325,387135,125143,34837,393033,126700,34532,377531,129813,34541,370802,134798,35508,369405,0.650211581640348,0.642204444144076,0.441431898286298,0.514076484947111,0.618622354865876,0.609057269469262,0.592399717369378,0.549156075310296,0.016084188718871,0.015910159692948,0.0304682444994717,0.0343291100003875,0.0423094243994779,0.0432706188365988,0.0421383919180587,0.0400048727006944,0.0374187893603035,0.0377253821958273,0.0617173060174783,0.0696862851460085,0.0796854208170815,0.0809072632446077,0.0793712008025847,0.084747093298683,0.0530391205488886,0.0550209929629223,0.0491832817793892,0.0583000762008085,0.0722331203741162,0.0786769828173051,0.0858625358007778,0.104795549600032,0.00911863231435802,0.0102238237307399,0.0140802426259373,0.0133949265093463,0.0124190268660903,0.0101649950596229,0.00245438636245744,0.00304803234013974,0.00460521126724728,0.00594123396489295,0.005620250160463,0.0054980306168027,0.019443981839179,0.0233019489325429,0.0323865934921495,0.0369029298256302,0.0475024406556599,0.0615043109865865,0.128394626082453,0.133400353121066,0.113289451052874,0.106934273573818,0.10019006037661,0.0883371166871065,0.084810761538503,0.0815635955117013,0.0375923802151957,0.037474761981195,0.0340529044481999,0.0347449855993387,0.0358875717815044,0.0435116586452503,0.049875674888485,0.0625654769155805,0.0286538740641034,0.0306939363987846,0.563905504759981,0.558717243338887,0.556179760986991,0.555437831595286,0.554088165651749,0.550639541966135,0.569360929536342,0.565035945697076,0.436094495240019,0.441282756661113,0.443820239013009,0.444562168404714,0.445911834348251,0.449360458033865,27108,27722,28073,28748,27444,26015,26975,25997,120370,121810,123295,132708,132536,135217,137379,144309
"50","WI",173728,33452,341206,190637,35222,343977,193472,39080,352927,202515,40610,372615,207511,40527,383870,203821,39451,377766,203315,38137,371473,198635,38321,352074,0.830946700820033,0.824244062829782,0.44379432573875,0.513650819210177,0.782243988850392,0.777724834950737,0.776667483235659,0.756039923425189,0.0113450525489001,0.011346688877454,0.0164878289277953,0.0238342525126471,0.0575845989527705,0.06127073373464,0.0618699070995739,0.0562893028170214,0.0133936683411194,0.0137247548527954,0.0179102193938123,0.0205359419239698,0.0303644462969234,0.030929199557398,0.0316550597217025,0.0363559933423087,0.0287304443649877,0.0300979425949991,0.0134220391185713,0.0178870952591817,0.0392606872118165,0.0430054584054679,0.0466359600832362,0.0574339485449082,0.00412549904087814,0.00451135890933001,0.00953187276942715,0.00918558049162709,0.00876779739038907,0.00763191828990496,0.000280511267202566,0.000517960897977806,0.000831010498345794,0.00108797509569416,0.00108487023282984,0.00107079761641019,0.00183324030181879,0.0046858016988044,0.0110949019199208,0.0150331157383142,0.0185827772139563,0.0258468390167976,0.0305826978423592,0.0327783543667164,0.0520787584967996,0.0528561652107403,0.0456899471175137,0.0363478979050523,0.0271352157491931,0.0249919051108574,0.0487300926712895,0.0501981237117598,0.0220243846461166,0.0228010144519142,0.02339854638289,0.0254152041210697,0.02760092927346,0.0343393718366025,0.0200699870459488,0.0209461679123895,0.565635386354685,0.563836667874347,0.565386719462318,0.564992614475628,0.562345042573754,0.560424797059709,0.570001699852875,0.569651459254543,0.434364613645315,0.436163332125653,0.434613280537682,0.435007385524372,0.437654957426246,0.439575202940291,44762,54484,54640,58792,62003,57602,56356,57455,165976,174940,177912,184333,186035,185670,185096,179501
"51","WV",53197,10583,96366,63800,14782,111940,68811,16049,120022,77879,20928,136007,85627,22643,146851,95726,23690,157616,100702,24969,162364,96852,22283,153262,0.865751406097586,0.827809540825442,0.0157554448351136,0.556963979795158,0.788268380875854,0.749092731702365,0.735908206252618,0.720902767809372,0.00337255878629392,0.00418081114882973,0.00159137491459899,0.0555927268449418,0.0830093087551328,0.0684448279362501,0.11618339040674,0.104833553000744,0.00564514455305813,0.00694121850991603,0.000133308893369549,0.00953627386825678,0.013312813668276,0.0545439549284337,0.0153667069054717,0.0154049927575002,0.0118714069277546,0.0203055208147222,0.000316608621752679,0.0334909232613027,0.0386514221898387,0.0416137955537509,0.0476090759035254,0.0503712596729783,4.1659029177984e-05,0.00369098649334225,0.00456244765102042,0.00608440767434778,0.00444679855140302,0.00403231068366588,1.66636116711936e-05,0.00252928158109509,0.00269661085045386,0.00264567049030555,0.00437904954300214,0.00378436925004241,0.000108313475862758,0.0122640746432169,0.0149266944045325,0.0177900720739011,0.0206572885615038,0.0272017851783221,0.0353340389764025,0.0563605502948008,0.0559064171568546,0.0393656208871602,0.0366834410388761,0.0413536696782053,0.0356667734226799,0.0461954039487936,0.0490214390967769,0.0587636233696623,0.0185382679842029,0.018234355584639,0.0178888805660159,0.0184308699624404,0.0197827104530561,0.0272735576985815,0.0227154805636843,0.0191531177416473,0.509689890186799,0.501716823398796,0.496755214469088,0.502081007004365,0.495953536498239,0.491002335869296,0.560000415084158,0.519921386457031,0.490310109813201,0.498283176601204,0.503244785530912,0.497918992995635,0.504046463501762,0.508997664130704,12926,26258,31240,38969,47052,58679,65657,59997,52495,53943,55278,59838,61218,60737,60014,59138
"52","WY",9468,3284,34655,9492,2941,35246,9544,2523,35949,9748,2679,37121,10079,2832,38347,10163,2762,38103,10194,2709,37801,10045,2603,34255,0.861520704083105,0.848465074050956,0.000500709338229158,0.773632175857331,0.825462226510548,0.82038159724956,0.816036612788022,0.79150488979711,0.017775212812004,0.0183566929580662,5.56343709143509e-05,0.0108025107082245,0.0138472370720004,0.0124137207044065,0.014338245019973,0.0124361407093855,0.00502092050209205,0.00519207853373432,0,0.00657309878505428,0.00824054032910006,0.00881820329107944,0.00870347345308325,0.00928331630418917,0.0417255807242822,0.0460761504851614,0.000139085927285877,0.047439454756068,0.058935509948627,0.0635383040705456,0.0685696145604614,0.075171507809079,0,0.0174833652110665,0.0176284976660495,0.0183450122037635,0.0164810454749874,0.0148007590132827,0,0.000862045742302201,0.00177328083031267,0.00246699734929008,0.00206343747519907,0.00227703984819734,0,0.00611513698445624,0.00889248181083266,0.0109965094611973,0.0137827041612656,0.0221281564735075,0.0401385081517818,0.047097542983601,0.0422821218949067,0.0491096683817785,0.0370824314809503,0.0368737369760911,0.0337028120949181,0.0395562691577872,0.0108786610878661,0.0105260171366964,0.0223928342930262,0.0265887233641335,0.028137794351579,0.0261659186940661,0.0263220549720907,0.0328419208874617,0.0174866541624585,0.0183283209442206,0.524298311496843,0.529107513267423,0.521266331134117,0.522662257565021,0.522578767757467,0.52596701211502,0.545087288991488,0.541650116325257,0.475701688503157,0.470892486732577,0.478733668865883,0.477337742434979,0.477421232242533,0.47403298788498,4186,3758,2816,2817,2967,2977,3009,2699,9017,9117,9251,9610,9944,9948,9894,9949
